板块,简称,代码
AI配电,三星医疗,601567
AI配电,常宝股份,002478
AI配电,威孚高科,000581
AI配电,纽威股份,603699
AI配电,宏发股份,600885
AI配电,潍柴重机,000880
AI配电,伊戈尔,002922
AI配电,杰瑞股份,002353
AI配电,良信股份,002706
AI配电,四方股份,601126
AI配电,博盈特焊,301468
AI配电,动力新科,600841
AI配电,大连电瓷,002606
AI配电,金盘科技,688676
AI配电,望变电气,603191
AI配电,中国西电,601179
AI配电,东方电气,600875
AI配电,保变电气,600550
AI配电,平高电气,600312
AI配电,特变电工,600089
AI配电,思源电气,002028
AI配电,潍柴动力,000338
AI配电,应流股份,603308
AI配电,中国动力,600482
AI配电,科泰电源,300153
AI配电,京泉华,002885
AI配电,欧陆通,300870
AI配电,禾望电气,603063
AI配电,中恒电气,002364
AI配电,新雷能,300593
AI配电,麦格米特,002851
AI配电,申科股份,002633
AI配电,泰永长征,002927
AI配电,中能电气,300062
AI配电,柘中股份,002346
AI配电,科汇股份,688681
AI配电,顺钠股份,000533
AI配电,海星股份,603115
电力设备,天正电气,605066
通信,鼎信通讯,603421
通信,中国联通,600050
通信,中兴通讯,000063
通信,中国电信,601728
通信,中国移动,600941
通信,华脉科技,603042
通信,日海智能,002313
通信,佳讯飞鸿,300213
通信,纵横通信,603602
通信,力合微,688589
通信,北纬科技,002148
通信,华星创业,300025
通信,汇源通信,000586
通信,瀛通通讯,002861
通信,超讯通信,603322
通信,康希通信,688653
通信,瑞斯康达,603803
通信,中嘉博创,000889
通信,武汉凡谷,002194
通信,二六三,002467
通信,世纪鼎利,300050
通信,欣天科技,300615
通信,东软载波,300183
国产算力,共进股份,603118
国产算力,云天励飞,688343
国产算力,中科曙光,603019
国产算力,华丰科技,688629
国产算力,云赛智联,600602
国产算力,优刻得,688158
国产算力,杰华特,688141
国产算力,海光信息,688041
国产算力,万通发展,600246
国产算力,浪潮信息,000977
国产算力,常山北明,000158
国产算力,寒武纪,688256
国产算力,超频三,300647
国产算力,芯原股份,688521
国产算力,烽火通信,600498
国产算力,并行科技,920493
国产算力,景嘉微,300474
国产算力,灿芯股份,688691
国产算力,宏景科技,301396
国产算力,晶合集成,688249
国产算力,紫光股份,000938
国产算力,杭钢股份,600126
国产算力,有方科技,688159
国产算力,泰嘉股份,002843
国产算力,利扬芯片,688135
国产算力,中芯国际,688981
国产算力,澜起科技,688008
国产算力,摩尔线程,688795
国产算力,盛科通信,688702
国产算力,东芯股份,688110
国产算力,罗曼股份,605289
国产算力,软通动力,301236
国产算力,高新发展,000628
国产算力,深圳华强,000062
国产算力,航锦科技,000818
国产算力,锐捷网络,301165
国产算力,深桑达A,000032
国产算力,神州数码,000034
国产算力,美利云,000815
国产算力,亿道信息,001314
国产算力,拓维信息,002261
国产算力,美格智能,002881
国产算力,网宿科技,300017
国产算力,东方国信,300166
国产算力,润泽科技,300442
国产算力,首都在线,300846
国产算力,亚康股份,301085
国产算力,莲花控股,600186
国产算力,中贝通信,603220
国产算力,恒为科技,603496
国产算力,数据港,603881
国产算力,星环科技,688031
国产算力,龙芯中科,688047
国产算力,青云科技,688316
国产算力,大位科技,600589
国产算力,润建股份,002929
国产算力,弘信电子,300657
国产算力,城地香江,603887
国产算力,利通电子,603629
国产算力,东阳光,600673
国产算力,杰创智能,301248
国产算力,协创数据,300857
国产算力,奥飞数据,300738
国产算力,群兴玩具,002575
国产算力,科华数据,002335
国产算力,浙大网新,600797
国产算力,铜牛信息,300895
国产算力,星网锐捷,002396
国产算力,同方股份,600100
国产算力,南兴股份,002757
国产算力,航天电器,002025
国产算力,海南高速,000886
国产算力,中电鑫龙,002298
国产算力,实达集团,600734
国产算力,东软集团,600718
国产算力,马钢股份,600808
国产算力,裕太微,688515
国产算力,综艺股份,600770
国产算力,品高股份,688227
国产算力,思林杰,688115
国产算力,东方材料,603110
国产算力,宝兰德,688058
国产算力,沐曦股份,688802
国产算力,荣联科技,002642
国产算力,宜通世纪,300310
国产算力,电光科技,002730
国产算力,思特奇,300608
国产算力,深圳瑞捷,300977
国产算力,星华新材,301077
电力设备,国电南自,600268
电力设备,金冠电气,688517
电力设备,威胜信息,688100
电力设备,国电南瑞,600406
电力设备,郑州煤电,600121
电力设备,许继电气,000400
电力设备,福达合金,603045
电力设备,湘电股份,600416
电力设备,宝光股份,600379
电力设备,双杰电气,300444
电力设备,炬华科技,300360
电力设备,海联讯,300277
电力设备,长高电新,002452
电力设备,华明装备,002270
电力设备,东方电子,000682
电力设备,茂硕电源,002660
电力设备,远程股份,002692
电力设备,三晖电气,002857
电力设备,金利华电,300069
电力设备,中电电机,603988
电力设备,三变科技,002112
电力设备,奥特迅,002227
电力设备,苏文电能,300982
电力设备,宏力达,688330
电力设备,动力源,600405
电力设备,宏盛华源,601096
电力设备,广电电气,601616
电力设备,尚纬股份,603333
电力设备,威腾电气,688226
电力设备,恒华科技,300365
电力设备,宝胜股份,600973
电力设备,新联电子,002546
电力设备,中元股份,300018
电力设备,风范股份,601700
电力设备,科大智能,300222
电力设备,通合科技,300491
电力设备,汇金通,603577
电力设备,摩恩电气,002451
电力设备,三友联众,300932
电力设备,金禄电子,301282
电力设备,南网数字,301638
电力设备,金智科技,002090
电力设备,众业达,002441
电力设备,开普检测,003008
电力设备,泽宇智能,301179
电力设备,昊创瑞通,301668
电力设备,宁波联合,600051
电力设备,西高院,688334
AI应用,横店影视,603103
AI应用,完美世界,002624
AI应用,中文在线,300364
AI应用,捷成股份,300182
AI应用,壹网壹创,300792
AI应用,万兴科技,300624
AI应用,掌阅科技,603533
AI应用,上海电影,601595
AI应用,博纳影业,001330
AI应用,光环新网,300383
AI应用,奥瑞德,600666
AI应用,卓易信息,688258
AI应用,引力传媒,603598
AI应用,海天瑞声,688787
AI应用,三六零,601360
AI应用,天龙集团,300063
AI应用,昆仑万维,300418
AI应用,视觉中国,000681
AI应用,天下秀,600556
AI应用,百纳千成,300291
AI应用,国脉文化,600640
AI应用,华策影视,300133
AI应用,吉视传媒,601929
AI应用,拓尔思,300229
AI应用,迪安诊断,300244
AI应用,华兰股份,301093
AI应用,易点天下,301171
AI应用,彩讯股份,300634
AI应用,掌趣科技,300315
AI应用,上海钢联,300226
AI应用,顺网科技,300113
AI应用,蓝色光标,300058
AI应用,省广集团,002400
AI应用,天娱数科,002354
AI应用,新媒股份,300770
AI应用,光线传媒,300251
AI应用,华胜天成,600410
AI应用,金域医学,603882
AI应用,创业慧康,300451
AI应用,美年健康,002044
AI应用,国新健康,000503
AI应用,品茗科技,688109
AI应用,用友网络,600588
AI应用,国安股份,000839
AI应用,豆神教育,300010
AI应用,久远银海,002777
AI应用,启明星辰,002439
AI应用,利欧股份,002131
AI应用,润达医疗,603108
AI应用,福昕软件,688095
AI应用,华大基因,300676
AI应用,金山办公,688111
AI应用,居然智家,000785
AI应用,浙文互联,600986
AI应用,石基信息,002153
AI应用,卫宁健康,300253
AI应用,汉得信息,300170
AI应用,竞业达,003005
AI应用,德才股份,605287
AI应用,中控技术,688777
AI应用,阳光照明,600261
AI应用,美登科技,920227
AI应用,鼎捷数智,300378
AI应用,值得买,300785
AI应用,梦网科技,002123
AI应用,盛视科技,002990
AI应用,新国都,300130
AI应用,新华都,002264
AI应用,达梦数据,688692
AI应用,合合信息,688615
AI应用,新致软件,688590
AI应用,凌志软件,688588
AI应用,致远互联,688369
AI应用,光云科技,688365
AI应用,浩瀚深度,688292
AI应用,嘉和美康,688246
AI应用,新点软件,688232
AI应用,普元信息,688118
AI应用,山石网科,688030
AI应用,新炬网络,605398
AI应用,金桥信息,603918
AI应用,税友股份,603171
AI应用,海量数据,603138
AI应用,泛微网络,603039
AI应用,世纪恒通,301428
AI应用,每日互动,300766
AI应用,京北方,002987
AI应用,科大讯飞,002230
AI应用,智微智能,001339
AI应用,浙数文化,600633
AI应用,托普云农,301556
AI应用,通达海,301378
AI应用,慧博云通,301316
AI应用,君逸数码,301172
AI应用,青木科技,301110
AI应用,凯淳股份,301001
AI应用,迪普科技,300768
AI应用,创业黑马,300688
AI应用,赛意信息,300687
AI应用,亿联网络,300628
AI应用,汇纳科技,300609
AI应用,会畅科技,300578
AI应用,博思软件,300525
AI应用,长亮科技,300348
AI应用,依米康,300249
AI应用,直真科技,003007
AI应用,久其软件,002279
AI应用,遥望科技,002291
AI应用,华媒控股,000607
AI应用,延华智能,002178
AI应用,汉王科技,002362
AI应用,元隆雅图,002878
AI应用,鸿合科技,002955
AI应用,GQY视讯,300076
AI应用,佳创视讯,300264
AI应用,美康生物,300439
AI应用,丝路视觉,300556
AI应用,中国高科,600730
AI应用,网达软件,603189
AI应用,格灵深瞳,688207
AI应用,盛通股份,002599
AI应用,真视通,002771
AI应用,威星智能,002849
AI应用,德生科技,002908
AI应用,新天科技,300259
AI应用,鸿博股份,002229
AI应用,和而泰,002402
AI应用,安居宝,300155
AI应用,远方信息,300306
AI应用,佳都科技,600728
AI应用,三人行,605168
AI应用,豪尔赛,002963
AI应用,云从科技,688327
AI应用,广联达,002410
AI应用,淳中科技,603516
AI应用,博汇科技,688004
AI应用,龙软科技,688078
AI应用,和达科技,688296
AI应用,华体科技,603679
AI应用,宁水集团,603700
AI应用,立达信,605365
AI应用,佳华科技,688051
AI应用,大恒科技,600288
AI应用,慧辰股份,688500
AI应用,博睿数据,688229
AI应用,光格科技,688450
AI应用,罗普特,688619
AI应用,万事利,301066
AI应用,苏州科达,603660
AI应用,贵广网络,600996
AI应用,浩辰软件,688657
AI应用,佳云科技,300242
AI应用,云鼎科技,000409
AI应用,超图软件,300036
AI应用,萤石网络,688475
AI应用,友车科技,688479
医药,益诺思,688710
医药,阳光诺和,688621
医药,药明康德,603259
医药,凯莱英,002821
医药,九洲药业,603456
医药,博济医药,300404
医药,博腾股份,300363
医药,万邦医药,301520
医药,近岸蛋白,688137
医药,美迪西,688202
医药,奥浦迈,688293
医药,百花医药,600721
医药,泰格医药,300347
医药,康龙化成,300759
光模块,仕佳光子,688313
光模块,腾景科技,688195
光模块,光库科技,300620
光模块,长光华芯,688048
光模块,源杰科技,688498
光模块,长芯博创,300548
光模块,赛微电子,300456
PCB,山东玻纤,605006
PCB,亨通股份,600226
PCB,德福科技,301511
PCB,方邦股份,688020
PCB,鼎泰高科,301377
PCB,大族激光,002008
PCB,芯碁微装,688630
PCB,大族数控,301200
PCB,鹏鼎控股,002938
PCB,深南电路,002916
PCB,兴森科技,002436
PCB,世运电路,603920
PCB,胜宏科技,300476
PCB,崇达技术,002815
PCB,明阳电路,300739
PCB,超声电子,000823
PCB,科翔股份,300903
PCB,方正科技,600601
PCB,东威科技,688700
PCB,生益科技,600183
PCB,金安国纪,002636
PCB,华正新材,603186
PCB,宏和科技,603256
PCB,国际复材,301526
PCB,江南新材,603124
PCB,中国巨石,600176
PCB,中材科技,002080
PCB,东山精密,002384
PCB,景旺电子,603228
PCB,中富电路,300814
PCB,德龙激光,688170
PCB,天承科技,688603
PCB,圣泉集团,605589
PCB,生益电子,688183
PCB,威尔高,301251
PCB,沪电股份,002463
PCB,迅捷兴,688655
PCB,南亚新材,688519
PCB,博敏电子,603936
PCB,东材科技,601208
PCB,菲利华,300395
PCB,超颖电子,603175
PCB,民爆光电,301362
PCB,英诺激光,301021
PCB,正业科技,300410
PCB,中京电子,002579
PCB,广合科技,001389
PCB,奥士康,002913
PCB,一博科技,301366
PCB,天津普林,002134
PCB,骏亚科技,603386
PCB,温州宏丰,300283
PCB,四会富仕,300852
PCB,欣灵电气,301388
PCB,依顿电子,603328
PCB,长海股份,300196
PCB,泰金新能,688813
PCB,红板科技,603459
PCB,德福科技,301511
PCB,强达电路,301628
PCB,澳弘电子,605058
PCB,日联科技,688531
PCB,四方光电,688665
锂电,铜冠铜箔,301217
锂电,诺德股份,600110
锂电,嘉元科技,688388
锂电,鹏辉能源,300438
锂电,兆新股份,002256
锂电,川能动力,000155
锂电,蔚蓝锂芯,002245
锂电,藏格矿业,000408
锂电,富临精工,300432
锂电,科达制造,600499
锂电,华联控股,000036
锂电,德赛电池,000049
锂电,川能动力,000155
锂电,藏格矿业,000408
锂电,金圆股份,000546
锂电,西藏矿业,000762
锂电,盐湖股份,000792
锂电,智慧农业,000816
锂电,沃顿科技,000920
锂电,大中矿业,001203
锂电,豪鹏科技,001283
锂电,东华科技,002140
锂电,贤丰控股,002141
锂电,融捷股份,002192
锂电,蔚蓝锂芯,002245
锂电,兆新股份,002256
锂电,天齐锂业,002466
锂电,万里石,002785
锂电,万邦达,300055
锂电,碧水源,300070
锂电,中电环保,300172
锂电,隆华科技,300263
锂电,富临精工,300432
锂电,鹏辉能源,300438
锂电,蓝晓科技,300487
锂电,领湃科技,300530
锂电,久吾高科,300631
锂电,争光股份,301092
锂电,紫建电子,301121
锂电,金杨精密,301210
锂电,铜冠铜箔,301217
锂电,华宝新能,301327
锂电,中瑞股份,301587
锂电,诺德股份,600110
锂电,时代万恒,600241
锂电,西藏珠峰,600338
锂电,国机通用,600444
锂电,科力远,600478
锂电,西藏城投,600773
锂电,江盐集团,601065
锂电,中铝国际,601068
锂电,中国瑞林,603257
锂电,永杉锂业,603399
锂电,ST正平,603843
锂电,三达膜,688101
锂电,万德斯,688178
锂电,博力威,688345
锂电,富淼科技,688350
锂电,嘉元科技,688388
锂电,孚能科技,688567
锂电,唯赛勃,688718
锂电,力佳科技,920237
锂电,天宏锂电,920252
锂电,德瑞锂电,920523
锂电,宁德时代,300750
锂电,盛新锂能,002240
锂电,赣锋锂业,002460
锂电,永兴材料,002756
锂电,亿纬锂能,300014
锂电,国城矿业,000688
锂电,江苏国泰,002091
锂电,佛塑科技,000973
锂电,尚太科技,001301
锂电,天赐材料,002709
锂电,江特电机,002176
锂电,湖南裕能,301358
锂电,特锐德,300001
锂电,天华新能,300390
锂电,壹石通,688733
锂电,双元科技,688623
锂电,芳源股份,688148
锂电,龙蟠科技,603906
锂电,石大胜华,603026
锂电,新宙邦,300037
锂电,雅化集团,002497
锂电,多氟多,002407
锂电,格林美,002340
锂电,西典新能,603312
锂电,宏盛股份,603090
锂电,德新科技,603032
锂电,优优绿能,301590
锂电,曼恩斯特,301325
锂电,海科新源,301292
锂电,道氏技术,300409
锂电,天际股份,002759
锂电,通达股份,002560
锂电,同洲电子,002052
锂电,安纳达,002136
锂电,新亚制程,002388
锂电,丰元股份,002805
锂电,华瑞股份,300626
锂电,冠城新材,600067
锂电,信宇人,688573
锂电,誉辰智能,688638
锂电,永太科技,002326
锂电,瑞泰新材,301238
锂电,信德新材,301349
锂电,日播时尚,603196
锂电,万里股份,600847
锂电,万盛股份,603010
锂电,可立克,002782
锂电,峰璟股份,002662
锂电,天能股份,688819
锂电,通达动力,002576
锂电,尚水智能,301513
锂电,凯中精密,002823
锂电,理奇智能,301599
半导体材料,天岳先进,688234
半导体材料,欧莱新材,688530
半导体材料,广信材料,300537
半导体材料,安集科技,688019
半导体材料,格林达,603931
半导体材料,路维光电,688401
半导体材料,华特气体,688268
半导体材料,彤程新材,603650
半导体材料,宏柏新材,605366
半导体材料,江化微,603078
半导体材料,和远气体,002971
半导体材料,凯德石英,920179
半导体材料,雅克科技,002409
半导体材料,江丰电子,300666
半导体材料,飞凯材料,300398
半导体材料,有研新材,600206
半导体材料,宏远股份,920018
半导体材料,西安奕材,688783
半导体材料,龙图光罩,688721
半导体材料,艾森股份,688720
半导体材料,中巨芯,688549
半导体材料,广钢气体,688548
半导体材料,兴福电子,688545
半导体材料,华海诚科,688535
半导体材料,久日新材,688199
半导体材料,八亿时空,688181
半导体材料,中船特气,688146
半导体材料,清溢光电,688138
半导体材料,沪硅产业,688126
半导体材料,金宏气体,688106
半导体材料,冠石科技,605588
半导体材料,立昂微,605358
半导体材料,三孚股份,603938
半导体材料,晶瑞电材,300655
半导体材料,强力新材,300429
半导体材料,鼎龙股份,300054
半导体材料,凯美特气,002549
半导体材料,阿石创,300706
半导体材料,万润股份,002643
半导体材料,楚江新材,002171
半导体材料,概伦电子,688206
半导体材料,广立微,301095
半导体材料,华大九天,301269
半导体材料,中旗新材,001212
半导体材料,中晶科技,003026
半导体材料,三孚新科,688359
半导体材料,长阳科技,688299
半导体材料,康达新材,002669
半导体材料,高盟新材,300200
半导体材料,有研硅,688432
半导体材料,盛合晶微,688820
半导体材料,华大九天,301269
国产算力,华虹公司,688347
国产算力,华润微,688396
国产算力,芯联集成,688469
半导体设备,华康洁净,301235
半导体设备,拓荆科技,688072
半导体设备,新莱应材,300260
半导体设备,金海通,603061
半导体设备,强一股份,688809
半导体设备,正帆科技,688596
半导体设备,芯源微,688037
半导体设备,京仪装备,688652
半导体设备,至纯科技,603690
半导体设备,伟测科技,688372
半导体设备,华海清科,688120
半导体设备,矽电股份,301629
半导体设备,和林微纳,688661
半导体设备,中科飞测,688361
半导体设备,恒运昌,688785
半导体设备,富信科技,688662
半导体设备,精智达,688627
半导体设备,晶升股份,688478
半导体设备,富创精密,688409
半导体设备,骄成超声,688392
半导体设备,燕麦科技,688312
半导体设备,华峰测控,688200
半导体设备,微导纳米,688147
半导体设备,安达智能,688125
半导体设备,盛美上海,688082
半导体设备,中微公司,688012
半导体设备,亚翔集成,603929
半导体设备,赛腾股份,603283
半导体设备,珂玛科技,301611
半导体设备,长川科技,300604
半导体设备,精测电子,300567
半导体设备,北方华创,002371
半导体设备,华亚智能,003043
半导体设备,沃特股份,002886
半导体设备,华兴源创,688001
半导体设备,大港股份,002077
半导体设备,深科达,688328
半导体设备,华东重机,002685
半导体设备,上海合晶,688584
半导体设备,圣晖集成,603163
半导体设备,联讯仪器,688808
半导体设备,先锋精科,688605
保险,中国人寿,601628
保险,中国太保,601601
保险,新华保险,601336
保险,中国人保,601319
保险,中国平安,601318
保险,渤海租赁,000415
储能,派能科技,688063
储能,阳光电源,300274
储能,盛弘股份,300693
储能,海博思创,688411
储能,阿特斯,688472
储能,智光电气,002169
储能,科工电子,874963
储能,昱能科技,688348
储能,正泰电源,002150
储能,艾罗能源,688717
储能,固德威,688390
储能,国能日新,301162
储能,安科瑞,300286
储能,南网能源,003035
储能,锦浪科技,300763
储能,科士达,002518
储能,科陆电子,002121
储能,南都电源,300068
储能,上能电气,300827
储能,德业股份,605117
储能,春晖智控,300943
储能,林洋能源,601222
储能,中熔电气,301031
储能,崧盛股份,301002
储能,振邦智能,003028
储能,钜泉科技,688391
储能,和顺电气,300141
储能,合康新能,300048
储能,爱克股份,300889
储能,众智科技,301361
储能,亚普股份,603013
储能,科林电气,603050
储能,派能科技,688063
传媒,人民网,603000
传媒,新华网,603888
传媒,荣信文化,301231
传媒,博瑞传播,600880
传媒,中信出版,300788
传媒,中国科传,601858
传媒,南方传媒,601900
传媒,中国电影,600977
传媒,长江传媒,600757
传媒,川网传媒,300987
传媒,芒果超媒,300413
传媒,万达电影,002739
传媒,奥飞娱乐,002292
传媒,粤传媒,002181
传媒,分众传媒,002027
传媒,海看股份,301262
传媒,浩洋股份,300833
传媒,因赛集团,300781
传媒,幸福蓝海,300528
传媒,天地在线,002995
传媒,金逸影视,002905
传媒,实丰文化,002862
传媒,欢瑞世纪,000892
传媒,北京文化,000802
传媒,思美传媒,002712
传媒,三六五网,300295
传媒,锋尚文化,300860
传媒,兆讯传媒,301102
传媒,文投控股,600715
传媒,龙韵股份,603729
传媒,慈文传媒,002343
传媒,天威视讯,002238
传媒,电声股份,300805
传媒,读客文化,301025
传媒,华数传媒,000156
传媒,湖北广电,000665
传媒,歌华有线,600037
传媒,中视传媒,600088
传媒,中文传媒,600373
传媒,北巴传媒,600386
传媒,内蒙新华,603230
传媒,城市传媒,600229
传媒,广电网络,600831
传媒,新华文轩,601811
传媒,读者传媒,603999
传媒,华智数媒,300426
传媒,果麦文化,301052
传媒,新华传媒,600825
传媒,浙文影业,601599
传媒,浙版传媒,601921
传媒,中南传媒,601098
传媒,中原传媒,000719
传媒,中南文化,002445
传媒,无线传媒,301551
传媒,江苏有线,600959
传媒,山东出版,601019
传媒,皖新传媒,601801
存储,普冉股份,688766
存储,江波龙,301308
存储,恒烁股份,688416
存储,万润科技,002654
存储,聚辰股份,688123
存储,香农芯创,300475
存储,兆易创新,603986
存储,佰维存储,688525
存储,同有科技,300302
存储,朗科科技,300042
存储,联芸科技,688449
存储,神工股份,688233
存储,开普云,688228
存储,时空科技,605178
存储,北京君正,300223
存储,德明利,001309
存储,深科技,000021
存储,国科微,300672
存储,力源信息,300184
存储,大为股份,002213
存储,好上好,001298
存储,诚邦股份,603316
存储,气派科技,688216
存储,大普微,301666
地产,万科A,000002
地产,华侨城A,000069
地产,海南发展,002163
地产,保利发展,600048
地产,城投控股,600649
地产,新城控股,601155
地产,招商蛇口,001979
地产,越秀资本,000987
地产,我爱我家,000560
地产,大悦城,000031
地产,丽尚国潮,600738
地产,重庆百货,600729
地产,小商品城,600415
地产,华发股份,600325
地产,岭南控股,000524
地产,深深房A,000029
地产,粤宏远A,000573
地产,沙河股份,000014
地产,深振业A,000006
地产,深物业A,000011
地产,中洲控股,000042
地产,皇庭国际,000056
地产,天健集团,000090
地产,金融街,000402
地产,渝开发,000514
地产,荣安地产,000517
地产,盈新发展,000620
地产,苏宁环球,000718
地产,中国武夷,000797
地产,财信发展,000838
地产,三湘印象,000863
地产,福星股份,000926
地产,合肥城建,002208
地产,世联行,002285
地产,衢州发展,600208
地产,津滨发展,000897
地产,世荣兆业,002016
地产,广宇集团,002133
地产,中华企业,600675
地产,珠江股份,600684
地产,亚通股份,600692
地产,南都物业,603506
地产,和展能源,000809
地产,城建发展,600266
地产,大名城,600094
地产,信达地产,600657
地产,海泰发展,600082
地产,大龙地产,600159
地产,香江控股,600162
地产,云南城投,600239
地产,空港股份,600463
地产,华丽家族,600503
地产,市北高新,600604
地产,先导基电,600641
地产,电子城,600658
地产,凤凰股份,600716
地产,华远控股,600743
地产,上实发展,600748
地产,天地源,600665
地产,荣盛发展,002146
地产,光大嘉宝,600622
地产,京投发展,600683
地产,光明地产,600708
地产,京能置业,600791
地产,金地集团,600383
地产,北辰实业,601588
地产,栖霞建设,600533
地产,津投城开,600322
地产,绿地控股,600606
地产,招商积余,001914
地产,天保基建,000965
地产,中国国贸,600007
地产,宁波富达,600724
地产,大连友谊,000679
地产,新城市,300778
地产,深中华A,000017
地产,三木集团,000632
地产,建研院,603183
地产,矩阵股份,301365
地产,全新好,000007
地产,郑中设计,002811
地产,汇通能源,600605
地产,国创高新,002377
地产,锦和商管,603682
地产,亚泰集团,600881
地产,建发合诚,603909
地产,华金资本,000532
地产,新大正,002968
地产,外高桥,600648
地产,上海三毛,600689
地产,上海临港,600848
电力,同力天启,605286
电力,金开新能,600821
电力,涪陵电力,600452
电力,三峡能源,600905
电力,龙源电力,001289
电力,湖南发展,000722
电力,辽宁能源,600758
电力,韶能股份,000601
电力,华电辽能,600396
电力,富春环保,002479
电力,浙江新能,600032
电力,粤电力A,000539
电力,节能风电,601016
电力,宝新能源,000690
电力,甘肃能源,000791
电力,华电能源,600726
电力,晋控电力,000767
电力,百通能源,001376
电力,华银电力,600744
电力,宁波能源,600982
电力,长城电工,600192
电力,众源新材,603527
电力,华电新能,600930
电力,中国能建,601868
电力,新能泰山,000720
电力,华能国际,600011
电力,中闽能源,600163
电力,长源电力,000966
电力,广西能源,600310
电力,天富能源,600509
电力,建投能源,000600
电力,长青集团,002616
电力,闽东电力,000993
电力,永泰能源,600157
电力,大唐发电,601991
电力,皖能电力,000543
电力,深圳能源,000027
电力,福能股份,600483
电力,黔源电力,002039
电力,太阳能,000591
电力,卧龙新能,600173
电力,惠天热电,000692
电力,协鑫能科,002015
电力,深南电A,000037
电力,广州发展,600098
电力,郴电国际,600969
电力,立新能源,001258
电力,赣能股份,000899
电力,三峡水利,600116
电力,桂冠电力,600236
电力,浙能电力,600023
电力,内蒙华电,600863
电力,京能热力,002893
电力,明星电力,600101
电力,大连热电,600719
电力,通宝能源,600780
电力,迪森股份,300335
电力,南网储能,600995
电力,云南能投,002053
电力,东方新能,002310
电力,广安爱众,600979
电力,豫能控股,001896
电力,*ST宝实,000595
电力,绿发电力,000537
电力,上海电力,600021
电力,江苏新能,603693
电力,湖北能源,000883
电力,联美控股,600167
电力,梅雁吉祥,600868
电力,银星能源,000862
电力,物产环能,603071
电力,东望时代,600052
电力,中国广核,003816
电力,杭州热电,605011
电力,穗恒运A,000531
电力,淮河能源,600575
电力,电投产融,000958
电力,西昌电力,600505
电力,恒盛能源,605580
电力,世茂能源,605028
电力,国投电力,600886
电力,新中港,605162
电力,露笑科技,002617
电力,芯能科技,603105
电力,九洲集团,300040
电力,新筑股份,002480
电力,廊坊发展,600149
电力,陕西能源,001286
电力,珈伟新能,300317
电力,乐山电力,600644
电力,新天绿能,600956
电力,南网科技,688248
电力,金房能源,001210
电力,华能水电,600025
电力,申能股份,600642
电力,京能电力,600578
电力,电投绿能,000875
电力,华电国际,600027
电力,川投能源,600674
电力,中国电建,601669
电力,长江电力,600900
电力,国电电力,600795
电力,电投水电,600292
电力,电投能源,002128
电力,神驰机电,603109
电力,安靠智电,300617
电力,神马电力,603530
电力,海兴电力,603556
电力,恒源煤电,600971
电力,云煤能源,600792
电力,顺发恒能,000631
电力,金隅冀东,000401
商业航天,蜀道装备,300540
商业航天,起帆电缆,605222
商业航天,四川金顶,600678
商业航天,富吉瑞,688272
商业航天,中衡设计,603017
商业航天,有研复材,688811
商业航天,魅视科技,001229
商业航天,睿创微纳,688002
商业航天,烽火电子,000561
商业航天,银邦股份,300337
商业航天,斯瑞新材,688102
商业航天,久之洋,300516
商业航天,航天软件,688562
商业航天,天力复合,920576
商业航天,旋极信息,300324
商业航天,九鼎新材,002201
商业航天,震有科技,688418
商业航天,航天智装,300455
商业航天,航天宏图,688066
商业航天,大唐电信,600198
商业航天,振芯科技,300101
商业航天,苏试试验,300416
商业航天,雷科防务,002413
商业航天,抚顺特钢,600399
商业航天,东方通信,600776
商业航天,硕贝德,300322
商业航天,雷电微力,301050
商业航天,银河电子,002519
商业航天,高华科技,688539
商业航天,国机精工,002046
商业航天,中天火箭,003009
商业航天,灿勤科技,688182
商业航天,成都华微,688709
商业航天,鸿远电子,603267
商业航天,上大股份,301522
商业航天,长江通信,600345
商业航天,航天长峰,600855
商业航天,金隅集团,601992
商业航天,航天晨光,600501
商业航天,天奥电子,002935
商业航天,华曙高科,688433
商业航天,信科移动,688387
商业航天,三维通信,002115
商业航天,中钢洛耐,688119
商业航天,航天智造,300446
商业航天,广联航空,300900
商业航天,航宇微,300053
商业航天,三安光电,600703
商业航天,星图测控,920116
商业航天,电科芯片,600877
商业航天,派克新材,605123
商业航天,华测导航,300627
商业航天,铂力特,688333
商业航天,联测科技,688113
商业航天,聚和材料,688503
商业航天,首航新能,301658
商业航天,德恩精工,300780
商业航天,普天科技,002544
商业航天,创元科技,000551
商业航天,利柏特,605167
商业航天,*ST铖昌,001270
商业航天,司南导航,688592
商业航天,航材股份,688563
商业航天,航亚科技,688510
商业航天,索辰科技,688507
商业航天,有研粉材,688456
商业航天,中润光学,688307
商业航天,金橙子,688291
商业航天,坤恒顺维,688283
商业航天,理工导航,688282
商业航天,航宇科技,688239
商业航天,和顺科技,301237
商业航天,锐科激光,300747
商业航天,润贝航科,001316
商业航天,侨源股份,301286
商业航天,爱司凯,300521
商业航天,上海沪工,603131
商业航天,上海瀚讯,300762
商业航天,中国卫星,600118
商业航天,中国卫通,601698
商业航天,中科星图,688568
商业航天,中超控股,002471
商业航天,乾照光电,300102
商业航天,亚星锚链,601890
商业航天,佳缘科技,301117
商业航天,金螳螂,002081
商业航天,苏州高新,600736
商业航天,信维通信,300136
商业航天,再升科技,603601
商业航天,北斗星通,002151
商业航天,华力创通,300045
商业航天,华菱线缆,001208
商业航天,哈森股份,603958
商业航天,国博电子,688375
商业航天,天银机电,300342
商业航天,巨力索具,002342
商业航天,新劲刚,300629
商业航天,晶盛机电,300316
商业航天,江顺科技,001400
商业航天,海兰信,300065
商业航天,海格通信,002465
商业航天,电科数字,600850
商业航天,电科蓝天,688818
商业航天,盟升电子,688311
商业航天,神剑股份,002361
商业航天,臻镭科技,688270
商业航天,航发科技,600391
商业航天,航天动力,600343
商业航天,航天发展,000547
商业航天,航天工程,603698
商业航天,航天机电,600151
商业航天,航天环宇,688523
商业航天,航天电子,600879
商业航天,航天科技,000901
商业航天,苏大维格,300331
商业航天,西测测试,301306
商业航天,西部材料,002149
商业航天,超捷股份,301005
商业航天,通宇通讯,002792
商业航天,邵阳液压,301079
商业航天,金风科技,002202
商业航天,陕西华达,301517
商业航天,飞沃科技,301232
商业航天,高德红外,002414
商业航天,泰尔股份,002347
商业航天,达华智能,002512
商业航天,天桥起重,002523
商业航天,华测检测,300012
商业航天,东珠生态,603359
商业航天,天宜新材,688033
商业航天,全信股份,300447
商业航天,国科军工,688543
商业航天,宏明电子,301682
商业航天,飞亚达,000026
商业航天,聚和材料,688503
汽车,兴民智通,002355
交运,中化岩土,002542
交运,中海达,300177
汽车,万丰奥威,002085
交运,永悦科技,603879
信创,莱斯信息,688631
交运,上工申贝,600843
交运,中信海直,000099
建筑建材,苏州规划,301505
建筑建材,中交设计,600720
交运,四川九洲,000801
纺服,新澳股份,603889
纺服,轻纺城,600790
纺服,康隆达,603665
纺服,健盛集团,603558
纺服,百隆东方,601339
纺服,华利集团,300979
纺服,恒辉安防,300952
纺服,真爱美家,003041
纺服,孚日股份,002083
纺服,奥康国际,603001
纺服,海澜之家,600398
纺服,三夫户外,002780
纺服,华孚时尚,002042
纺服,如意集团,002193
纺服,美邦服饰,002269
纺服,兴业科技,002674
纺服,瑞贝卡,600439
纺服,华纺股份,600448
纺服,洪兴股份,001209
纺服,中捷资源,002021
纺服,宏达高科,002144
纺服,欣贺股份,003016
纺服,九牧王,601566
纺服,盛泰集团,605138
纺服,欣龙控股,000955
纺服,天创时尚,603608
纺服,歌力思,603808
纺服,安奈儿,002875
纺服,金春股份,300877
纺服,标准股份,600302
纺服,卓郎智能,600545
纺服,红蜻蜓,603116
纺服,安正时尚,603839
纺服,红豆股份,600400
纺服,凤竹纺织,600493
纺服,际华集团,601718
纺服,阿科力,603722
纺服,迎丰股份,605055
纺服,云中马,603130
纺服,泰慕士,001234
纺服,同大股份,300321
纺服,嘉欣丝绸,002404
纺服,慈星股份,300307
纺服,汇洁股份,002763
纺服,金鹰股份,600232
纺服,七匹狼,002029
纺服,福恩股份,001312
纺服,华斯股份,002494
纺服,乔治白,002687
纺服,金一文化,002721
纺服,航民股份,600987
纺服,台华新材,603055
纺服,地素时尚,603587
纺服,太平鸟,603877
风电,运达股份,300772
风电,天顺风能,002531
风电,中际联合,605305
风电,东方电缆,603606
风电,电气风电,688660
风电,三一重能,688349
风电,日月股份,603218
风电,中天科技,600522
风电,亨通光电,600487
风电,明阳电气,301291
风电,金雷股份,300443
风电,泰胜风能,300129
风电,大金重工,002487
风电,德力佳,603092
风电,盘古智能,301456
风电,通裕重工,300185
风电,博菲电气,001255
风电,中环海陆,301040
风电,恒润股份,603985
风电,广大特材,688186
风电,海锅股份,301063
风电,宏德股份,301163
风电,吉鑫科技,601218
风电,神力股份,603819
风电,华菱精工,603356
风电,山东章鼓,002598
风电,新强联,300850
风电,时代新材,600458
风电,振石股份,601112
风电,麦加芯彩,603062
风电,常青科技,603125
封测,汇成股份,688403
封测,康强电子,002119
封测,晶方科技,603005
封测,太极实业,600667
封测,通富微电,002156
封测,太极股份,002368
封测,甬矽电子,688362
封测,颀中科技,688352
封测,长电科技,600584
封测,华天科技,002185
封测,联动科技,301369
封测,光力科技,300480
封测,实益达,002137
封测,三佳科技,600520
封测,耐科装备,688419
封测,劲拓股份,300400
液冷服务器,沃尔核材,002130
液冷服务器,瑞可达,688800
液冷服务器,鼎通科技,688668
液冷服务器,兆龙互连,300913
液冷服务器,电连技术,300679
液冷服务器,工业富联,601138
液冷服务器,华勤技术,603296
液冷服务器,四川长虹,600839
液冷服务器,佳力图,603912
钢铁,宝钢股份,600019
钢铁,甬金股份,603995
钢铁,南钢股份,600282
钢铁,华菱钢铁,000932
钢铁,河钢资源,000923
钢铁,新兴铸管,000778
钢铁,友发集团,601686
钢铁,酒钢宏兴,600307
钢铁,鄂尔多斯,600295
钢铁,本钢板材,000761
钢铁,太钢不锈,000825
钢铁,鞍钢股份,000898
钢铁,安阳钢铁,600569
钢铁,柳钢股份,601003
钢铁,中南股份,000717
钢铁,三钢闽光,002110
钢铁,山东钢铁,600022
钢铁,方大特钢,600507
钢铁,八一钢铁,600581
钢铁,沙钢股份,002075
钢铁,华达新材,605158
钢铁,西宁特钢,600117
钢铁,重庆钢铁,601005
钢铁,凌钢股份,600231
钢铁,首钢股份,000959
钢铁,中信特钢,000708
钢铁,海南矿业,601969
钢铁,金岭矿业,000655
工程机械,中国重汽,000951
工程机械,恒立液压,601100
工程机械,中联重科,000157
工程机械,柳工,000528
工程机械,三一重工,600031
工程机械,山河智能,002097
工程机械,中力股份,603194
工程机械,山推股份,000680
工程机械,徐工机械,000425
工程机械,厦工股份,600815
工程机械,苏常柴A,000570
工程机械,达刚控股,300103
工程机械,冀凯股份,002691
工程机械,建设机械,600984
工程机械,创力集团,603012
工程机械,中重科技,603135
工程机械,和泰机电,001225
工程机械,杭叉集团,603298
工程机械,永达股份,001239
工程机械,金道科技,301279
工控设备,华锐精密,688059
工控设备,纽威数控,688697
工控设备,欧科亿,688308
工控设备,海天精工,601882
工控设备,宏华数科,688789
工控设备,华光新材,688379
工控设备,科德数控,688305
工控设备,新锐股份,688257
工控设备,博众精工,688097
工控设备,中望软件,688083
工控设备,沃尔德,688028
工控设备,洪田股份,603800
工控设备,华中数控,300161
工控设备,信捷电气,603416
工控设备,川仪股份,603100
工控设备,崇德科技,301548
工控设备,儒竞科技,301525
工控设备,凯格精机,301338
工控设备,耐普矿机,300818
工控设备,四方达,300179
工控设备,思进智能,003025
工控设备,广东宏大,002683
工控设备,巨星科技,002444
工控设备,英威腾,002334
工控设备,神开股份,002278
工控设备,山东威达,002026
工控设备,夏厦精密,001306
工控设备,运机集团,001288
工控设备,沈阳机床,000410
工控设备,东方智造,002175
工控设备,海得控制,002184
工控设备,华东数控,002248
工控设备,万讯自控,300112
工控设备,天玛智控,688570
工控设备,康斯特,300445
工控设备,科远智慧,002380
工控设备,磁谷科技,688448
工控设备,黄河旋风,600172
工控设备,大连重工,002204
工控设备,博深股份,002282
工控设备,三超新材,300554
工控设备,金自天正,600560
工控设备,瑞凌股份,300154
工控设备,佳士科技,300193
工控设备,金明精机,300281
工控设备,安控科技,300370
工控设备,中密控股,300470
工控设备,大宏立,300865
工控设备,柏楚电子,688188
工控设备,国盛智科,688558
功率模拟,东微半导,688261
功率模拟,捷捷微电,300623
功率模拟,士兰微,600460
功率模拟,新风光,688663
功率模拟,时代电气,688187
功率模拟,新洁能,605111
功率模拟,斯达半导,603290
功率模拟,闻泰科技,600745
功率模拟,扬杰科技,300373
功率模拟,力芯微,688601
功率模拟,锴威特,688693
功率模拟,好利科技,002729
功率模拟,华锋股份,002806
功率模拟,蓝海华腾,300484
功率模拟,必易微,688045
功率模拟,芯导科技,688230
功率模拟,上海贝岭,600171
功率模拟,台基股份,300046
固态电池,维科技术,600152
固态电池,传艺科技,002866
固态电池,杉杉股份,600884
固态电池,科森科技,603626
固态电池,鼎胜新材,603876
固态电池,恩捷股份,002812
固态电池,万润新能,688275
固态电池,三祥新材,603663
固态电池,中一科技,301150
固态电池,东方电热,300217
固态电池,华盛锂电,688353
固态电池,华自科技,300490
固态电池,金银河,300619
固态电池,德方纳米,300769
固态电池,星源材质,300568
固态电池,容百科技,688005
固态电池,索通发展,603612
固态电池,华丰股份,605100
固态电池,杭可科技,688006
固态电池,璞泰来,603659
固态电池,五矿新能,688779
固态电池,盟固利,301487
固态电池,粤桂股份,000833
固态电池,振华新材,688707
固态电池,湘潭电化,002125
固态电池,当升科技,300073
固态电池,中伟新材,300919
固态电池,天奈科技,688116
固态电池,金龙羽,002882
固态电池,海目星,688559
固态电池,珠海冠宇,688772
固态电池,贝特瑞,920185
固态电池,紫江企业,600210
固态电池,中国宝安,000009
固态电池,宝明科技,002992
固态电池,赢合科技,300457
固态电池,大东南,002263
固态电池,北京利尔,002392
固态电池,星云股份,300648
固态电池,江苏国信,002608
固态电池,中科电气,300035
固态电池,中国电研,688128
固态电池,软控股份,002073
固态电池,先导智能,300450
固态电池,中钢天源,002057
固态电池,德邦科技,688035
固态电池,广汽集团,601238
固态电池,顺络电子,002138
固态电池,滨江集团,002244
固态电池,先惠技术,688155
固态电池,联赢激光,688518
固态电池,利元亨,688499
固态电池,纳科诺尔,920522
固态电池,上海洗霸,603200
固态电池,国轩高科,002074
固态电池,永杰新材,603271
固态电池,英联股份,002846
固态电池,宏工科技,301662
固态电池,东方锆业,002167
固态电池,恒大高新,002591
固态电池,光华科技,002741
固态电池,滨海能源,000695
固态电池,科恒股份,300340
固态电池,金银河,300619
固态电池,中伟新材,300919
固态电池,中一科技,301150
固态电池,先惠技术,688155
固态电池,珠海冠宇,688772
固态电池,镇海股份,603637
光伏,石英股份,603688
光伏,永臻股份,603381
光伏,禾迈股份,688032
光伏,森特股份,603098
光伏,中信博,688408
光伏,正泰电器,601877
光伏,晶科科技,601778
光伏,*ST金刚,300093
光伏,海优新材,688680
光伏,明冠新材,688560
光伏,大全能源,688303
光伏,合盛硅业,603260
光伏,福莱特,601865
光伏,通威股份,600438
光伏,晶澳科技,002459
光伏,清源股份,603628
光伏,天洋新材,603330
光伏,宇邦新材,301266
光伏,通灵股份,301168
光伏,美畅股份,300861
光伏,意华股份,002897
光伏,东岳硅材,300821
光伏,晨光新材,605399
光伏,硅宝科技,300019
光伏,耀皮玻璃,600819
光伏,华民股份,300345
光伏,弘元绿能,603185
光伏,晶科能源,688223
光伏,爱旭股份,600732
光伏,琏升科技,300051
光伏,赛伍技术,603212
光伏,国际实业,000159
光伏,乐通股份,002319
光伏,宝馨科技,002514
光伏,棒杰股份,002634
光伏,凯盛新能,600876
光伏,德力股份,002571
光伏,裕兴股份,300305
光伏,欧晶科技,001269
光伏,宿迁联盛,603065
光伏,三星新材,603578
光伏,工大高科,688367
光伏,时创能源,688429
光伏,金博股份,688598
光伏,安彩高科,600207
光伏,皖维高新,600063
光伏,联泓新科,003022
光伏,秀强股份,300160
半导体设备,海力风电,301155
半导体设备,永新光学,603297
半导体设备,福光股份,688010
半导体设备,恒坤新材,688727
半导体设备,茂莱光学,688502
半导体设备,波长光电,301421
半导体设备,汇成真空,301392
半导体设备,南大光电,300346
半导体设备,张江高科,600895
光模块,长飞光纤,601869
光模块,科瑞技术,002957
光模块,杰普特,688025
光模块,世嘉科技,002796
光模块,天通股份,600330
光模块,炬光科技,688167
光模块,中瓷电子,003031
光模块,联特科技,301205
光模块,中际旭创,300308
光模块,新易盛,300502
光模块,天孚通信,300394
光模块,华工科技,000988
光模块,光迅科技,002281
光模块,剑桥科技,603083
光模块,太辰光,300570
光模块,德科立,688205
光模块,东田微,301183
光模块,环旭电子,601231
光模块,汇绿生态,001267
光模块,可川科技,603052
光模块,致尚科技,301486
光模块,瑞松科技,688090
光模块,华懋科技,603306
光模块,安孚科技,603031
光模块,莱特光电,688150
光模块,泰晶科技,603738
光模块,唯科科技,301196
光模块,罗博特科,300757
光模块,铭普光磁,002902
光模块,通鼎互联,002491
光模块,福晶科技,002222
光模块,沃格光电,603773
光模块,五方光电,002962
光模块,光智科技,300489
光模块,鼎阳科技,688112
光模块,阿莱德,301419
光模块,优迅股份,688807
光纤光缆,杭电股份,603618
光纤光缆,盛洋科技,603703
光纤光缆,特发信息,000070
光纤光缆,联瑞新材,688300
光纤光缆,长盈通,688143
光纤光缆,新亚电子,605277
光纤光缆,华通线缆,605196
光纤光缆,上海新阳,300236
光纤光缆,长缆科技,002879
光纤光缆,至正股份,603991
光纤光缆,国发股份,600538
光纤光缆,太阳电缆,002300
光纤光缆,通光线缆,300265
光纤光缆,鑫宏业,301310
贵金属,湖南黄金,002155
贵金属,西部黄金,601069
贵金属,四川黄金,001337
贵金属,中国黄金,600916
贵金属,菜百股份,605599
贵金属,白银有色,601212
贵金属,赤峰黄金,600988
贵金属,山东黄金,600547
贵金属,中金黄金,600489
贵金属,湖南白银,002716
贵金属,招金黄金,000506
贵金属,兴业银锡,000426
贵金属,山金国际,000975
贵金属,潮宏基,002345
券商互金,拉卡拉,300773
券商互金,四方精创,300468
券商互金,财富趋势,688318
券商互金,同花顺,300033
券商互金,恒生电子,600570
券商互金,指南针,300803
券商互金,银之杰,300085
券商互金,华联股份,000882
券商互金,生意宝,002095
券商互金,中科金财,002657
券商互金,海联金汇,002537
券商互金,证通电子,002197
券商互金,金财互联,002530
券商互金,金证股份,600446
券商互金,翠微股份,603123
券商互金,英方软件,688435
券商互金,高伟达,300465
券商互金,卓创资讯,301299
券商互金,华峰超纤,300180
券商互金,天利科技,300399
券商互金,先进数通,300541
核聚变,江苏神通,002438
核聚变,永鼎股份,600105
核聚变,旭光电子,600353
核聚变,理工光科,300557
核聚变,精达股份,600577
核聚变,弘讯科技,603015
核聚变,四创电子,600990
核聚变,金杯电工,002533
核聚变,宏微科技,688711
核聚变,哈焊华通,301137
核聚变,杭氧股份,002430
核聚变,西部超导,688122
核聚变,浙富控股,002266
核聚变,中国核建,601611
核聚变,融发核电,002366
核聚变,锡装股份,001332
核聚变,海陆重工,002255
核聚变,铜峰电子,600237
核聚变,上海电气,601727
核聚变,雪人集团,002639
核聚变,皖仪科技,688600
核聚变,久盛电气,301082
核聚变,兰石重装,603169
核聚变,合锻智能,603011
核聚变,中核科技,000777
核聚变,爱科赛博,688719
核聚变,国机重装,601399
核聚变,百利电气,600468
核聚变,国泰集团,603977
核聚变,富煌钢构,002743
核聚变,中国核电,601985
核聚变,英杰电气,300820
核聚变,王子新材,002735
核聚变,中洲特材,300963
核聚变,津药药业,600488
核聚变,安泰科技,000969
核聚变,南风股份,300004
核聚变,国光电气,688776
核聚变,联创光电,600363
核聚变,久立特材,002318
核聚变,福斯达,603173
核聚变,中泰股份,300435
核聚变,科新机电,300092
核聚变,西子洁能,002534
核聚变,中广核技,000881
核聚变,中国一重,601106
核聚变,宝色股份,300402
核聚变,大西洋,600558
化工,四川美丰,000731
化工,鲁西化工,000830
化工,泸天化,000912
化工,华昌化工,002274
化工,赤天化,600227
化工,华谊集团,600623
化工,金牛化工,600722
化工,新奥股份,600803
化工,湖北宜化,000422
化工,川恒股份,002895
化工,新化股份,603867
化工,联化科技,002250
化工,川金诺,300505
化工,扬农化工,600486
化工,科思股份,300856
化工,聚胶股份,301283
化工,中国化学,601117
化工,万丰股份,603172
化工,信凯科技,001335
化工,六国化工,600470
化工,凯赛生物,688065
化工,双星新材,002585
化工,沧州大化,600230
化工,世名科技,300522
化工,万华化学,600309
化工,龙佰集团,002601
化工,澄星股份,600078
化工,红宝丽,002165
化工,同益中,688722
化工,中研股份,688716
化工,华恒生物,688639
化工,呈和科技,688625
化工,瑞华泰,688323
化工,卓越新能,688196
化工,松井股份,688157
化工,泰坦科技,688133
化工,福莱蒽特,605566
化工,确成股份,605183
化工,聚合顺,605166
化工,吉华集团,603980
化工,苏博特,603916
化工,百合花,603823
化工,密尔克卫,603713
化工,晶华新材,603683
化工,新凤鸣,603225
化工,新亚强,603155
化工,振华股份,603067
化工,桐昆股份,601233
化工,氯碱化工,600618
化工,三友化工,600409
化工,浙江龙盛,600352
化工,巨化股份,600160
化工,云天化,600096
化工,七彩化学,300758
化工,润禾材料,300727
化工,川发龙蟒,002312
化工,江南化工,002226
化工,中泰化学,002092
化工,新乡化纤,000949
化工,山东海化,000822
化工,博源化工,000683
化工,吉林化纤,000420
化工,键邦股份,603285
化工,江瀚新材,603281
化工,技源集团,603262
化工,亚邦股份,603188
化工,金能科技,603113
化工,鹿山新材,603051
化工,北元集团,601568
化工,君正集团,601216
化工,维远股份,600955
化工,华塑股份,600935
化工,潞化科技,600691
化工,昊华科技,600378
化工,嘉化能源,600273
化工,新疆天业,600075
化工,博苑股份,301617
化工,肯特股份,301591
化工,风光股份,301100
化工,斯迪克,300806
化工,科创新源,300731
化工,延江股份,300658
化工,利安隆,300596
化工,天铁科技,300587
化工,美联新材,300586
化工,银禧科技,300221
化工,阳谷华泰,300121
化工,建新股份,300107
化工,海新能科,300072
化工,安诺其,300067
化工,国恩股份,002768
化工,龙星科技,002442
化工,闰土股份,002440
化工,普利特,002324
化工,泰和新材,002254
化工,易普力,002096
化工,华峰化学,002064
化工,平安电工,001359
化工,国风新材,000859
化工,英力特,000635
化工,新金路,000510
化工,永和股份,605020
化工,金石资源,603505
化工,三美股份,603379
化工,红墙股份,002809
化工,百川股份,002455
化工,渤海化学,600800
化工,出版传媒,601999
化工,大洋生物,003017
化工,天原股份,002386
化工,诚志股份,000990
化工,丽臣实业,001218
化工,同德化工,002360
化工,尤夫股份,002427
化工,华软科技,002453
化工,兄弟科技,002562
化工,西陇科学,002584
化工,集泰股份,002909
化工,怡达股份,300721
化工,蒙泰高新,300876
化工,鲁北化工,600727
化工,神马股份,600810
化工,南京化纤,600889
化工,雪天盐业,600929
化工,三维股份,603033
化工,鼎际得,603255
化工,坤彩科技,603826
化工,海正生材,688203
化工,恒天海龙,000677
化工,长青股份,002391
化工,永东股份,002753
化工,中旗股份,300575
化工,保立佳,301037
化工,亚香股份,301220
化工,中盐化工,600328
化工,中毅达,600610
化工,宜宾纸业,600793
化工,苏利股份,603585
化工,兴业股份,603928
化工,康鹏科技,688602
化工,聚石化学,688669
化工,双环科技,000707
化工,华尔泰,001217
化工,泰禾股份,301665
化工,丰山集团,603810
化工,长鸿高科,605008
化工,蓝丰生化,002513
化工,世龙实业,002748
化工,齐翔腾达,002408
化工,宇新股份,002986
化工,先达股份,603086
化工,华阳新材,600281
化工,元琛科技,688659
化工,恒申新材,000782
化工,海利得,002206
化工,恒兴新材,603276
化工,兴化股份,002109
化工,杭州高新,300478
化工,华润材料,301090
化工,柳化股份,600423
化工,亚星化学,600319
化工,金煤科技,600844
化工,华鼎股份,601113
化工,醋化股份,603968
化工,江苏索普,600746
化工,镇洋发展,603213
化工,贝斯美,300796
化工,新农股份,002942
化工,三房巷,600370
化工,联科科技,001207
化工,瑞丰新材,300910
化工,海达股份,300320
化工,美瑞新材,300848
化工,骏鼎达,301538
化工,三维化学,002469
化工,金瑞矿业,600714
化工,宝丽迪,300905
化工,德冠新材,001378
化工,恒星科技,002132
化工,优彩资源,002998
化工,安利股份,300218
化工,瑞丰高材,300243
化工,晨化股份,300610
化工,华信新材,300717
化工,华业香料,300886
化工,凌玮科技,301373
化工,中化国际,600500
化工,鼎龙科技,603004
化工,苏州龙杰,603332
化工,菲沃泰,688371
农林牧渔,中农联合,003042
农林牧渔,海大集团,002311
农林牧渔,莱茵生物,002166
农林牧渔,牧原股份,002714
农林牧渔,益生股份,002458
农林牧渔,德美化工,002054
农林牧渔,亚钾国际,000893
农林牧渔,兴发集团,600141
农林牧渔,安迪苏,600299
农林牧渔,新希望,000876
农林牧渔,梅花生物,600873
农林牧渔,东方铁塔,002545
农林牧渔,正邦科技,002157
农林牧渔,润丰股份,301035
农林牧渔,新洋丰,000902
农林牧渔,百傲化学,603360
农林牧渔,新安股份,600596
农林牧渔,隆平高科,000998
农林牧渔,大北农,002385
农林牧渔,安道麦A,000553
农林牧渔,金禾实业,002597
农林牧渔,云图控股,002539
农林牧渔,江山股份,600389
农林牧渔,利尔化学,002258
农林牧渔,芭田股份,002170
农林牧渔,天康生物,002100
农林牧渔,史丹利,002588
农林牧渔,巨星农牧,603477
农林牧渔,利民股份,002734
农林牧渔,傲农生物,603363
农林牧渔,冠农股份,600251
农林牧渔,诺普信,002215
农林牧渔,农发种业,600313
农林牧渔,中牧股份,600195
农林牧渔,华统股份,002840
农林牧渔,红太阳,000525
农林牧渔,青松建化,600425
农林牧渔,华融化学,301256
农林牧渔,禾丰股份,603609
农林牧渔,瑞普生物,300119
农林牧渔,辉隆股份,002556
农林牧渔,唐人神,002567
农林牧渔,国光股份,002749
农林牧渔,北大荒,600598
农林牧渔,国投丰乐,000713
农林牧渔,万辰集团,300972
农林牧渔,中粮糖业,600737
农林牧渔,中粮科技,000930
农林牧渔,荃银高科,300087
农林牧渔,农产品,000061
农林牧渔,浙农股份,002758
农林牧渔,苏垦农发,601952
农林牧渔,广信股份,603599
农林牧渔,登海种业,002041
农林牧渔,圣农发展,002299
农林牧渔,华绿生物,300970
农林牧渔,美邦股份,605033
农林牧渔,索宝蛋白,603231
农林牧渔,立华股份,300761
农林牧渔,雪榕生物,300511
农林牧渔,温氏股份,300498
农林牧渔,晨光生物,300138
农林牧渔,獐子岛,002069
农林牧渔,中水渔业,000798
农林牧渔,京粮控股,000505
农林牧渔,广农糖业,000911
农林牧渔,东瑞股份,001201
农林牧渔,民和股份,002234
农林牧渔,华英农业,002321
农林牧渔,金新农,002548
农林牧渔,天马科技,603668
农林牧渔,正虹科技,000702
农林牧渔,播恩集团,001366
农林牧渔,新农开发,600359
农林牧渔,天鹅股份,603029
农林牧渔,邦基科技,603151
农林牧渔,天禾股份,002999
农林牧渔,新赛股份,600540
农林牧渔,新五丰,600975
农林牧渔,天域生物,603717
农林牧渔,万向德农,600371
农林牧渔,丰林集团,601996
农林牧渔,平潭发展,000592
农林牧渔,和邦生物,603077
农林牧渔,道道全,002852
农林牧渔,开创国际,600097
农林牧渔,湖南海利,600731
农林牧渔,科前生物,688526
农林牧渔,金健米业,600127
农林牧渔,冠农股份,600251
农林牧渔,吉峰科技,300022
农林牧渔,晓鸣股份,300967
农林牧渔,金龙鱼,300999
环保,倍杰特,300774
环保,青达环保,688501
环保,赛恩斯,688480
环保,伟明环保,603568
环保,龙净环保,600388
环保,清水源,300437
环保,高能环境,603588
环保,中科环保,301175
环保,蓝盾光电,300862
环保,维尔利,300190
环保,同兴科技,003027
环保,飞马国际,002210
环保,法尔胜,000890
环保,山高环能,000803
环保,中山公用,000685
环保,京源环保,688096
环保,丛麟科技,688370
环保,力源科技,688565
环保,启迪环境,000826
环保,城发环境,000885
环保,清新环境,002573
环保,华宏科技,002645
环保,中建环能,300425
环保,严牌股份,301081
环保,国中水务,600187
环保,德创环保,603177
环保,盛剑科技,603324
环保,德林海,688069
环保,中兰环保,300854
环保,中材节能,603126
环保,福鞍股份,603315
环保,正和生态,605069
环保,华控赛格,000068
环保,恒誉环保,688309
环保,中晟高科,002778
环保,中持股份,603903
环保,通源环境,688679
环保,卓锦股份,688701
环保,海天股份,603759
环保,东江环保,002672
环保,碧兴物联,688671
环保,惠城环保,300779
环保,中再资环,600217
环保,节能国祯,300388
环保,创业环保,600874
环保,雪迪龙,002658
环保,武汉控股,600168
环保,绿城水务,601368
环保,永兴股份,601033
环保,绿色动力,601330
环保,军信股份,301109
环保,三峰环境,601827
环保,重庆水务,601158
环保,上海环境,601200
环保,中原环保,000544
环保,节能环境,300140
环保,华新环保,301265
环保,美丽生态,000010
环保,泰达股份,000652
环保,路德科技,688156
环保,兴欣新材,001358
环保,荣晟环保,603165
环保,漳州发展,000753
环保,旺能环境,002034
环保,顺控发展,003039
环保,龙源技术,300105
环保,雪浪环境,300385
环保,嘉戎技术,301148
环保,首创环保,600008
环保,钱江水利,600283
环保,洪城环境,600461
环保,钱江生化,600796
机器人,中大力德,002896
机器人,美湖股份,603319
机器人,唯万密封,301161
机器人,汉钟精机,002158
机器人,征和工业,003033
机器人,三友医疗,688085
机器人,聚杰微纤,300819
机器人,会通股份,688219
机器人,众辰科技,603275
机器人,振江股份,603507
机器人,永创智能,603901
机器人,秦安股份,603758
机器人,威唐工业,300707
机器人,德马科技,688360
机器人,风语筑,603466
机器人,芯动联科,688582
机器人,威力传动,300904
机器人,汉威科技,300007
机器人,奥普特,688686
机器人,能科科技,603859
机器人,百达精工,603331
机器人,震裕科技,300953
机器人,铭利达,301268
机器人,五洲新春,603667
机器人,天奇股份,002009
机器人,天智航,688277
机器人,岱美股份,603730
机器人,斯菱智驱,301550
机器人,安培龙,301413
机器人,绿的谐波,688017
机器人,万向钱潮,000559
机器人,拓普集团,601689
机器人,奥比中光,688322
机器人,模塑科技,000700
机器人,鸣志电器,603728
机器人,浙江荣泰,603119
机器人,新泉股份,603179
机器人,新时达,002527
机器人,步科股份,688160
机器人,方正电机,002196
机器人,南山智尚,300918
机器人,峰岹科技,688279
机器人,福达股份,603166
机器人,兆丰股份,300695
机器人,伟创电气,688698
机器人,浙海德曼,688577
机器人,隆盛科技,300680
机器人,长盈精密,300115
机器人,艾迪精密,603638
机器人,万马股份,002276
机器人,三花智控,002050
机器人,富佳股份,603219
机器人,信质集团,002664
机器人,万凯新材,301216
机器人,玉禾田,300815
机器人,宁波华翔,002048
机器人,嵘泰股份,605133
机器人,昊志机电,300503
机器人,固高科技,301510
机器人,双环传动,002472
机器人,京基智农,000048
机器人,埃斯顿,002747
机器人,拓斯达,300607
机器人,卧龙电驱,600580
机器人,柯力传感,603662
机器人,雷赛智能,002979
机器人,江苏雷利,300660
机器人,双林股份,300100
机器人,北特科技,603009
机器人,大洋电机,002249
机器人,东杰智能,300486
机器人,首开股份,600376
机器人,长盛轴承,300718
机器人,金固股份,002488
机器人,德昌股份,605555
机器人,福龙马,603686
机器人,龙溪股份,600592
机器人,中坚科技,002779
机器人,上纬新材,688585
机器人,星宇股份,601799
机器人,旭升集团,603305
机器人,三丰智能,300276
机器人,机器人,300024
机器人,博实股份,002698
机器人,精工科技,002006
机器人,均普智能,688306
机器人,杭州柯林,688611
机器人,巨轮智能,002031
机器人,金田股份,601609
机器人,汇川技术,300124
机器人,东方精工,002611
机器人,视源股份,002841
机器人,道恩股份,002838
机器人,冠盛股份,605088
机器人,广东鸿图,002101
机器人,立中集团,300428
机器人,伊之密,300415
机器人,国茂股份,603915
机器人,创世纪,300083
机器人,光电股份,600184
机器人,拓邦股份,002139
机器人,海伦哲,300201
机器人,豪能股份,603809
机器人,宝通科技,300031
机器人,爱柯迪,600933
机器人,杰克科技,603337
机器人,东睦股份,600114
机器人,东土科技,300353
机器人,斯莱克,300382
机器人,南京新百,600682
机器人,中创智领,601717
机器人,高新兴,300098
机器人,凯迪股份,605288
机器人,天准科技,688003
机器人,鸿路钢构,002541
机器人,利亚德,300296
机器人,广电计量,002967
机器人,探路者,300005
机器人,莱克电气,603355
机器人,九鼎投资,600053
机器人,胜通能源,001331
机器人,锋龙股份,002931
机器人,兆威机电,003021
机器人,科达利,002850
机器人,力星股份,300421
机器人,福立旺,688678
机器人,贝斯特,300580
机器人,蓝黛科技,002765
机器人,中欣氟材,002915
机器人,捷昌驱动,603583
机器人,肇民科技,301000
机器人,安徽合力,600761
机器人,埃科光电,688610
机器人,凌云光,688400
机器人,虹软科技,688088
机器人,福莱新材,605488
机器人,亿嘉和,603666
机器人,泰豪科技,600590
机器人,瑞迪智驱,301596
机器人,东华测试,300354
机器人,胜利精密,002426
机器人,华新精科,603370
机器人,金沃股份,300984
机器人,集智股份,300553
机器人,维宏股份,300508
机器人,铁流股份,603926
机器人,信邦智能,301112
机器人,杭齿前进,601177
机器人,大业股份,603278
机器人,科沃斯,603486
机器人,瀚川智能,688022
机器人,爱仕达,002403
机器人,日发精机,002520
机器人,日上集团,002593
机器人,银宝山新,002786
机器人,宇环数控,002903
机器人,赛福天,603028
机器人,微光股份,002801
机器人,五洋自控,300420
机器人,赛摩智能,300466
机器人,恒而达,300946
机器人,江苏北人,688218
机器人,豪森智能,688529
机器人,南京聚隆,300644
机器人,鑫源智造,600615
机器人,宁波东力,002164
机器人,新北洋,002376
机器人,派斯林,600215
机器人,禾川科技,688320
机器人,南京熊猫,600775
机器人,克来机电,603960
机器人,南方精工,002553
机器人,达意隆,002209
机器人,海能达,002583
机器人,晶品特装,688084
机器人,远东传动,002406
机器人,汉宇集团,300403
机器人,中马传动,603767
机器人,索菱股份,002766
机器人,景业智能,688290
机器人,联发股份,002394
机器人,金奥博,002917
机器人,东风科技,600081
机器人,威派格,603956
机器人,天永智能,603895
机器人,中信重工,601608
机器人,新瀚新材,301076
机器人,思泰克,301568
机器人,上海机电,600835
机器人,大豪科技,603025
机器人,冀东装备,000856
机器人,海昌新材,300885
机器人,诺力股份,603611
机器人,秦川机床,000837
机器人,天地科技,600582
机器人,奇精机械,603677
机器人,佳电股份,000922
机器人,泰禾智能,603656
机器人,美亚光电,002690
机器人,青鸟消防,002960
机器人,广和通,300638
机器人,中科信息,300678
机器人,润阳科技,300920
机器人,信测标准,300938
机器人,金帝股份,603270
机器人,富春染织,605189
机器人,华纬科技,001380
机器人,浙江仙通,603239
机器人,华翔股份,603112
机器人,兰剑智能,688557
机器人,三瑞智能,301696
机器人,云汉芯城,301563
机器人,法兰泰克,603966
机器人,科达利,002850
机器人,震裕科技,300953
机器人,凯盛新材,301069
机器人,弘景光电,301479
机器人,东贝集团,601956
机器人,越剑智能,603095
机器人,埃夫特,688165
机器人,凯尔达,688255
机器人,易思维,688816
液冷服务器,凌云股份,600480
液冷服务器,银轮股份,002126
液冷服务器,思泉新材,301489
液冷服务器,美利信,301307
液冷服务器,同飞股份,300990
液冷服务器,川润股份,002272
液冷服务器,鸿富瀚,301086
液冷服务器,奕东电子,301123
液冷服务器,申菱环境,301018
液冷服务器,飞荣达,300602
液冷服务器,冰轮环境,000811
液冷服务器,高澜股份,300499
液冷服务器,联德股份,605060
液冷服务器,川环科技,300547
液冷服务器,飞龙股份,002536
液冷服务器,银都股份,603277
液冷服务器,远东股份,600869
液冷服务器,捷邦科技,301326
液冷服务器,中石科技,300684
液冷服务器,英维克,002837
液冷服务器,金富科技,003018
液冷服务器,震安科技,300767
液冷服务器,华升股份,600156
液冷服务器,锐新科技,300828
液冷服务器,宁波精达,603088
家电家居,倍轻松,688793
家电家居,春光科技,603657
家电家居,永艺股份,603600
家电家居,荣泰健康,603579
家电家居,欧普照明,603515
家电家居,众鑫股份,603091
家电家居,热威股份,603075
家电家居,欧圣电气,301187
家电家居,匠心家居,301061
家电家居,星帅尔,002860
家电家居,勤上股份,002638
家电家居,哈尔斯,002615
家电家居,康盛股份,002418
家电家居,禾盛新材,002290
家电家居,悍高集团,001221
家电家居,海尔智家,600690
家电家居,联域股份,001326
家电家居,海洋王,002724
家电家居,惠而浦,600983
家电家居,三柏硕,001300
家电家居,海鸥住工,002084
家电家居,万和电气,002543
家电家居,浙江美大,002677
家电家居,小崧股份,002723
家电家居,帝欧水华,002798
家电家居,梦百合,603313
家电家居,奥佳华,002614
家电家居,德尔未来,002631
家电家居,皮阿诺,002853
家电家居,华立股份,603038
家电家居,金牌家居,603180
家电家居,菲林格尔,603226
家电家居,顶固集创,300749
家电家居,永安林业,000663
家电家居,友邦吊顶,002718
家电家居,瑞尔特,002790
家电家居,海立股份,600619
家电家居,澳柯玛,600336
家电家居,海象新材,003011
家电家居,江山欧派,603208
家电家居,爱丽家居,603221
家电家居,茶花股份,603615
家电家居,中源家居,603709
家电家居,帅丰电器,605336
家电家居,赛特新材,688398
家电家居,志邦家居,603801
家电家居,法狮龙,605318
家电家居,蒙娜丽莎,002918
家电家居,我乐家居,603326
家电家居,好莱客,603898
家电家居,张小泉,301055
家电家居,曲美家居,603818
家电家居,松霖科技,603992
家电家居,惠达卫浴,603385
家电家居,TCL智家,002668
家电家居,西大门,605155
家电家居,通达创智,001368
家电家居,九阳股份,002242
家电家居,北鼎股份,300824
家电家居,创维数字,000810
家电家居,美的集团,000333
家电家居,海信家电,000921
家电家居,富森美,002818
家电家居,珠城科技,301280
家电家居,海信视像,600060
家电家居,极米科技,688696
家电家居,长虹美菱,000521
家电家居,苏泊尔,002032
家电家居,雅艺科技,301113
家电家居,小熊电器,002959
家电家居,长虹华意,000404
家电家居,索菲亚,002572
家电家居,顺威股份,002676
家电家居,东南电子,301359
家电家居,春兰股份,600854
家电家居,迪贝电气,603320
家电家居,立霸股份,603519
家电家居,麒盛科技,603610
家电家居,得邦照明,603303
家电家居,白云电器,603861
家电家居,乐歌股份,300729
建筑建材,上峰水泥,000672
建筑建材,东方雨虹,002271
建筑建材,中新集团,601512
建筑建材,北新建材,000786
建筑建材,园林股份,605303
建筑建材,百利科技,603959
建筑建材,三棵树,603737
建筑建材,浙江鼎力,603338
建筑建材,海鸥股份,603269
建筑建材,旗滨集团,601636
建筑建材,海螺水泥,600585
建筑建材,四川路桥,600039
建筑建材,凯伦股份,300715
建筑建材,凌霄泵业,002884
建筑建材,金洲管道,002443
建筑建材,伟星新材,002372
建筑建材,山东路桥,000498
建筑建材,柏诚股份,601133
建筑建材,华新建材,600801
建筑建材,精工钢构,600496
建筑建材,志特新材,300986
建筑建材,科顺股份,300737
建筑建材,海波重科,300517
建筑建材,坚朗五金,002791
建筑建材,濮耐股份,002225
建筑建材,鲁阳节能,002088
建筑建材,兔宝宝,002043
建筑建材,安徽建工,600502
建筑建材,广日股份,600894
建筑建材,南玻A,000012
建筑建材,方大集团,000055
建筑建材,海螺新材,000619
建筑建材,万年青,000789
建筑建材,天山股份,000877
建筑建材,大亚圣象,000910
建筑建材,保利联合,002037
建筑建材,东南网架,002135
建筑建材,国统股份,002205
建筑建材,雅博股份,002323
建筑建材,扬子新材,002652
建筑建材,普邦股份,002663
建筑建材,顾地科技,002694
建筑建材,文科股份,002775
建筑建材,美芝股份,002856
建筑建材,中天精装,002989
建筑建材,维业股份,300621
建筑建材,三峡新材,600293
建筑建材,全筑股份,603030
建筑建材,亚士创能,603378
建筑建材,瑞泰科技,002066
建筑建材,广田集团,002482
建筑建材,海南瑞泽,002596
建筑建材,大禹节水,300021
建筑建材,雄塑科技,300599
建筑建材,福建水泥,600802
建筑建材,中设股份,002883
建筑建材,中岩大地,003001
建筑建材,西藏天路,600326
建筑建材,韩建河山,603616
建筑建材,三和管桩,003037
建筑建材,尖峰集团,600668
建筑建材,北玻股份,002613
建筑建材,森鹰窗业,301227
建筑建材,上海建工,600170
建筑建材,四方新材,605122
建筑建材,棕榈股份,002431
建筑建材,青龙管业,002457
建筑建材,公元股份,002641
建筑建材,新疆交建,002941
建筑建材,建研设计,301167
建筑建材,科新发展,600234
建筑建材,陕建股份,600248
建筑建材,梅轮电梯,603321
建筑建材,交建股份,603815
建筑建材,成都路桥,002628
建筑建材,北新路桥,002307
建筑建材,西部建设,002302
建筑建材,华建集团,600629
建筑建材,恒尚节能,603137
建筑建材,盛景微,603375
建筑建材,勘设股份,603458
建筑建材,重庆建工,600939
建筑建材,中国中冶,601618
建筑建材,美凯龙,601828
建筑建材,大千生态,603955
建筑建材,龙元建设,600491
建筑建材,塔牌集团,002233
建筑建材,江河集团,601886
建筑建材,雪峰科技,603227
建筑建材,铁建重工,688425
建筑建材,凯恩股份,002012
建筑建材,宁夏建材,600449
建筑建材,中材国际,600970
建筑建材,康力电梯,002367
建筑建材,中铁装配,300374
建筑建材,设计总院,603357
建筑建材,北方国际,000065
建筑建材,地铁设计,003013
建筑建材,浦东建设,600284
建筑建材,中国铁建,601186
建筑建材,中国交建,601800
建筑建材,龙泉股份,002671
建筑建材,高争民爆,002827
建筑建材,广东建工,002060
建筑建材,华阳国际,002949
建筑建材,森远股份,300210
建筑建材,开尔新材,300234
建筑建材,设研院,300732
建筑建材,尤安设计,300983
建筑建材,广东建科,301632
建筑建材,腾达建设,600512
建筑建材,中国建筑,601668
建筑建材,华设集团,603018
建筑建材,天安新材,603725
交运,中国船舶,600150
交运,*ST松发,603268
交运,苏美达,600710
交运,招商轮船,601872
交运,中集集团,000039
交运,中远海能,600026
交运,中远海控,601919
交运,招商南油,601975
交运,今创集团,603680
交运,京沪高铁,601816
交运,中国中车,601766
交运,中国中铁,601390
交运,中国国航,601111
交运,交运股份,600676
交运,山东高速,600350
交运,中集车辆,301039
交运,唐源电气,300789
交运,强瑞技术,301128
交运,永贵电器,300351
交运,盛航股份,001205
交运,北部湾港,000582
交运,中集环科,301559
交运,南方航空,600029
交运,锦江航运,601083
交运,中铁工业,600528
交运,振华重工,600320
交运,中国铁物,000927
交运,神州高铁,000008
交运,凤凰航运,000520
交运,众合科技,000925
交运,龙洲股份,002682
交运,世纪瑞尔,300150
交运,中国东航,600115
交运,安通控股,600179
交运,海航控股,600221
交运,富临运业,002357
交运,华夏航空,002928
交运,威奥股份,605001
交运,必得科技,605298
交运,西部创业,000557
交运,双箭股份,002381
交运,鼎汉技术,300011
交运,中原高速,600020
交运,白云机场,600004
交运,重庆港,600279
交运,晋亿实业,601002
交运,中远海科,002401
交运,交控科技,688015
交运,北投科技,600936
交运,九州一轨,688485
交运,祥和实业,603500
交运,国力电子,688103
交运,交大思诺,300851
交运,粤高速A,000429
交运,厦门港务,000905
交运,海通发展,603162
交运,连云港,601008
交运,天津港,600717
交运,中公高科,603860
交运,中国通号,688009
交运,中远海特,600428
交运,深高速,600548
交运,高铁电气,688285
交运,科安达,002972
交运,通业科技,300960
交运,日照港,600017
交运,辽港股份,601880
交运,东莞控股,000828
交运,皖通高速,600012
交运,唐山港,601000
交运,青岛港,601298
交运,秦港股份,601326
交运,铁科轨道,688569
交运,宁沪高速,600377
交运,海峡股份,002320
交运,雷尔伟,301016
交运,赣粤高速,600269
交运,申通地铁,600834
交运,宁波远洋,601022
交运,四川成渝,601107
交运,广深铁路,601333
交运,中远海发,601866
交运,上港集团,600018
交运,龙江交通,601188
交运,宁波港,601018
交运,现代投资,000900
交运,招商港口,001872
交运,招商公路,001965
交运,晋西车轴,600495
交运,湖南投资,000548
交运,国货航,001391
交运,富瑞特装,300228
交运,福建高速,600033
交运,五洲交通,600368
交运,江西长运,600561
交运,春秋航空,601021
交运,广州港,601228
交运,吉林高速,601518
交运,思维列控,603508
军工,中航沈飞,600760
军工,航发动力,600893
军工,智明达,688636
军工,中航西飞,000768
军工,光威复材,300699
军工,中航光电,002179
军工,观想科技,301213
军工,北摩高科,002985
军工,图南股份,300855
军工,洪都航空,600316
军工,中无人机,688297
军工,中航重机,600765
军工,中航机载,600372
军工,江航装备,688586
军工,航天信息,600271
军工,钢研高纳,300034
军工,宝钛股份,600456
军工,霍莱沃,688682
军工,航天南湖,688552
军工,复旦微电,688385
军工,中复神鹰,688295
军工,华秦科技,688281
军工,隆达股份,688231
军工,成都先导,688222
军工,纵横股份,688070
军工,七一二,603712
军工,火炬电子,603678
军工,中航高科,600862
军工,中航成飞,302132
军工,三角防务,300775
军工,光韵达,300227
军工,航天彩虹,002389
军工,紫光国微,002049
军工,航发控制,000738
军工,振华科技,000733
军工,国睿科技,600562
军工,北方导航,600435
军工,中简科技,300777
军工,宏达电子,300726
军工,安达维尔,300719
军工,爱乐达,300696
军工,航新科技,300424
军工,亚光科技,300123
军工,天箭科技,002977
军工,海特高新,002023
军工,盛路通信,002446
军工,安路科技,688107
军工,展鹏科技,603488
军工,襄阳轴承,000678
军工,中光学,002189
军工,星网宇达,002829
军工,新兴装备,002933
军工,国瑞科技,300600
军工,长城军工,601606
军工,高凌信息,688175
军工,纳睿雷达,688522
军工,林州重机,002535
军工,威海广泰,002111
军工,北化股份,002246
军工,博云新材,002297
军工,宝鼎科技,002552
军工,天沃科技,002564
军工,天海防务,300008
军工,尤洛卡,300099
军工,兴图新科,688081
军工,成飞集成,002190
军工,六九一二,301592
军工,贵绳股份,600992
军工,新光光电,688011
军工,科思科技,688788
军工,凤形股份,002760
军工,长春一东,600148
军工,振华风光,688439
军工,甘化科工,000576
军工,中兵红箭,000519
军工,利君股份,002651
军工,湖南天雁,600698
军工,中船防务,600685
军工,中直股份,600038
军工,恒宇信通,300965
军工,新余国科,300722
军工,中光防雷,300414
军工,中科海讯,300810
军工,天秦装备,300922
可选消费,宝钢包装,601968
可选消费,伟星股份,002003
可选消费,青松股份,300132
可选消费,周大生,002867
可选消费,珠免集团,600185
可选消费,珀莱雅,603605
可选消费,迪阿股份,301177
可选消费,复星医药,600196
可选消费,仙乐健康,300791
可选消费,盐津铺子,002847
可选消费,森马服饰,002563
可选消费,中宠股份,002891
可选消费,鲁泰A,000726
可选消费,萃华珠宝,002731
可选消费,来伊份,603777
可选消费,三峡旅游,002627
可选消费,福瑞达,600223
可选消费,王府井,600859
可选消费,百龙创园,605016
可选消费,三全食品,002216
可选消费,三江购物,601116
可选消费,舒华体育,605299
可选消费,味知香,605089
可选消费,中国中免,601888
可选消费,乐凯胶片,600135
可选消费,乖宝宠物,301498
可选消费,博士眼镜,300622
可选消费,若羽臣,003010
可选消费,润本股份,603193
可选消费,百亚股份,003006
可选消费,依依股份,001206
可选消费,佩蒂股份,300673
可选消费,倍加洁,603059
可选消费,双枪科技,001211
可选消费,全聚德,002186
可选消费,广百股份,002187
可选消费,高乐股份,002348
可选消费,明牌珠宝,002574
可选消费,绿通科技,301322
可选消费,莱绅通灵,603900
可选消费,华熙生物,688363
可选消费,珠江钢琴,002678
可选消费,钱江摩托,000913
可选消费,两面针,600249
可选消费,上海家化,600315
可选消费,拉芳家化,603630
可选消费,信隆健康,002105
可选消费,金马游乐,300756
可选消费,八方股份,603489
可选消费,浙江正特,001238
可选消费,新日股份,603787
可选消费,豫园股份,600655
可选消费,爱美客,300896
可选消费,汤臣倍健,300146
可选消费,长白山,603099
可选消费,丸美生物,603983
可选消费,天元宠物,301335
量子通信,国盾量子,688027
量子通信,国芯科技,688262
量子通信,格尔软件,603232
量子通信,科大国创,300520
量子通信,神州信息,000555
量子通信,禾信仪器,688622
量子通信,普源精电,688337
煤炭,广汇能源,600256
煤炭,晋控煤业,601001
煤炭,中煤能源,601898
煤炭,山西焦煤,000983
煤炭,兰花科创,600123
煤炭,兖矿能源,600188
煤炭,潞安环能,601699
煤炭,平煤股份,601666
煤炭,陕西煤业,601225
煤炭,中国神华,601088
煤炭,山煤国际,600546
煤炭,神火股份,000933
煤炭,焦作万方,000612
煤炭,新集能源,601918
煤炭,昊华能源,601101
煤炭,宝泰隆,601011
煤炭,开滦股份,600997
煤炭,中孚实业,600595
煤炭,安泰集团,600408
煤炭,江钨装备,600397
煤炭,盘江股份,600395
煤炭,冀中能源,000937
煤炭,新大洲A,000571
煤炭,甘肃能化,000552
煤炭,山西焦化,600740
煤炭,黑猫股份,002068
煤炭,上海能源,600508
煤炭,方大炭素,600516
煤炭,苏能股份,600925
煤炭,云维股份,600725
煤炭,大有能源,600403
煤炭,陕西黑猫,601015
煤炭,速达股份,001277
煤炭,元力股份,300174
面板,彩虹股份,600707
面板,深天马A,000050
面板,TCL科技,000100
面板,京东方A,000725
面板,瑞联新材,688550
面板,清越科技,688496
面板,新益昌,688383
面板,天禄科技,301045
面板,艾比森,300389
面板,洲明科技,300232
面板,鸿利智汇,300219
面板,奥来德,688378
面板,华灿光电,300323
面板,兆驰股份,002429
面板,国星光电,002449
面板,冠捷科技,000727
面板,芯瑞达,002983
面板,雷曼光电,300162
面板,联建光电,300269
面板,同兴达,002845
面板,华塑控股,000509
面板,瑞丰光电,300241
面板,聚飞光电,300303
面板,龙腾光电,688055
面板,华映科技,000536
面板,深纺织A,000045
面板,聚灿光电,300708
面板,佛山照明,000541
面板,晨丰科技,603685
面板,翔腾新材,001373
面板,新相微,688593
面板,合力泰,002217
面板,伟时电子,605218
面板,和辉光电,688538
面板,莱宝高科,002106
面板,智云股份,300097
面板,视涯科技,688781
面板,慧谷新材,301683
面板,康冠科技,001308
面板,秋田微,300939
面板,世华科技,688093
功率模拟,富满微,300671
功率模拟,中微半导,688380
功率模拟,晶丰明源,688368
功率模拟,富瀚微,300613
功率模拟,圣邦股份,300661
功率模拟,明微电子,688699
功率模拟,艾为电子,688798
功率模拟,思瑞浦,688536
功率模拟,芯朋微,688508
功率模拟,南芯科技,688484
功率模拟,美芯晟,688458
功率模拟,燕东微,688172
功率模拟,纳芯微,688052
功率模拟,盈方微,000670
功率模拟,灿瑞科技,688061
功率模拟,希荻微,688173
功率模拟,帝奥微,688381
功率模拟,赛微微电,688325
脑机接口,乐普医疗,300003
脑机接口,爱朋医疗,300753
脑机接口,伟思医疗,688580
脑机接口,三博脑科,301293
脑机接口,岩山科技,002195
脑机接口,创新医疗,002173
脑机接口,诚益通,300430
脑机接口,塞力医疗,603716
脑机接口,谱尼测试,300887
脑机接口,力合科创,002243
汽车,比亚迪,002594
汽车,赛力斯,601127
汽车,玲珑轮胎,601966
汽车,福耀玻璃,600660
汽车,通用股份,601500
汽车,涛涛车业,301345
汽车,海安集团,001233
汽车,伯特利,603596
汽车,中国汽研,601965
汽车,中策橡胶,603049
汽车,上汽集团,600104
汽车,江淮汽车,600418
汽车,中通客车,000957
汽车,明新旭腾,605068
汽车,威迈斯,688612
汽车,长源东谷,603950
汽车,宁波高发,603788
汽车,科博达,603786
汽车,隆鑫通用,603766
汽车,爱玛科技,603529
汽车,春风动力,603129
汽车,海汽集团,603069
汽车,长城汽车,601633
汽车,三角轮胎,601163
汽车,海南橡胶,601118
汽车,赛轮轮胎,601058
汽车,一拖股份,601038
汽车,渤海汽车,600960
汽车,金龙汽车,600686
汽车,森麒麟,002984
汽车,宗申动力,001696
汽车,文灿股份,603348
汽车,日盈电子,603286
汽车,常润股份,603201
汽车,新坐标,603040
汽车,凯众股份,603037
汽车,飞乐音响,600651
汽车,富特科技,301607
汽车,福赛科技,301529
汽车,星源卓镁,301398
汽车,溯联股份,301397
汽车,纽泰格,301229
汽车,恒勃股份,301225
汽车,超达装备,301186
汽车,宏昌科技,301008
汽车,艾可蓝,300816
汽车,雷迪克,300652
汽车,德尔股份,300473
汽车,云意电气,300304
汽车,豪迈科技,002595
汽车,中原内配,002448
汽车,万里扬,002434
汽车,天润工业,002283
汽车,多利科技,001311
汽车,瑞立科密,001285
汽车,贵州轮胎,000589
汽车,毅昌科技,002420
汽车,精进电动,688280
汽车,宇通客车,600066
汽车,华域汽车,600741
汽车,松芝股份,002454
汽车,青岛双星,000599
汽车,一彬科技,001278
汽车,利源股份,002501
汽车,春兴精工,002547
汽车,跃岭股份,002725
汽车,东安动力,600178
汽车,曙光股份,600303
汽车,腾龙股份,603158
汽车,金鸿顺,603922
汽车,永茂泰,605208
汽车,菱电电控,688667
汽车,山子高科,000981
汽车,赛象科技,002337
汽车,福田汽车,600166
汽车,上海凤凰,600679
汽车,继峰股份,603997
汽车,巨一科技,688162
汽车,九号公司,689009
汽车,海马汽车,000572
汽车,光洋股份,002708
汽车,蠡湖股份,300694
汽车,正裕工业,603089
汽车,合力科技,603917
汽车,祥鑫科技,002965
汽车,中路股份,600818
汽车,威帝股份,603023
汽车,华培动力,603121
汽车,登云股份,002715
汽车,天成自控,603085
汽车,上海沿浦,605128
汽车,奥福科技,688021
汽车,奥特佳,002239
汽车,鹏翎股份,300375
汽车,申华控股,600653
汽车,圣龙股份,603178
汽车,金麒麟,603586
汽车,联诚精密,002921
汽车,东风股份,600006
汽车,朗博科技,603655
汽车,德宏股份,603701
汽车,迪生力,603335
汽车,徕木股份,603633
汽车,常青股份,603768
汽车,西上海,605151
汽车,安凯客车,000868
汽车,众泰汽车,000980
汽车,海泰科,301022
汽车,汉马科技,600375
汽车,英利汽车,601279
汽车,上海亚虹,603159
汽车,泉峰汽车,603982
汽车,浩物股份,000757
汽车,奇德新材,300995
汽车,博俊科技,300926
汽车,贵航股份,600523
汽车,浙江黎明,603048
汽车,一汽解放,000800
汽车,旷达科技,002516
汽车,林海股份,600099
汽车,全柴动力,600218
汽车,悦达投资,600805
汽车,香山股份,002870
汽车,中机认检,301508
汽车,毓恬冠佳,301173
汽车,东利机械,301298
汽车,科力装备,301552
汽车,固德电材,301680
汽车,三联锻造,001282
汽车,苏奥传感,300507
汽车,奥联电子,300585
汽车,美力科技,300611
汽车,英搏尔,300681
汽车,松原安全,300893
汽车,德迈仕,301007
汽车,标榜股份,301181
汽车,泰祥股份,301192
汽车,新铝时代,301613
汽车,金杯汽车,600609
汽车,安乃达,603350
汽车,汇通控股,603409
汽车,雪龙集团,603949
汽车,福然德,605050
轻工,博汇纸业,600966
轻工,吉宏股份,002803
轻工,翔港科技,603499
轻工,永吉股份,603058
轻工,康欣新材,600076
轻工,太力科技,301595
轻工,致欧科技,301376
轻工,嘉美包装,002969
轻工,裕同科技,002831
轻工,华源控股,002787
轻工,昇兴股份,002752
轻工,太阳纸业,002078
轻工,马可波罗,001386
轻工,松炀资源,603863
轻工,奥瑞金,002701
轻工,冠豪高新,600433
轻工,陕西金叶,000812
轻工,安妮股份,002235
轻工,中锐股份,002374
轻工,金时科技,002951
轻工,鸿铭股份,301105
轻工,华泰股份,600308
轻工,衢州东峰,601515
轻工,集友股份,603429
轻工,珠海中富,000659
轻工,欧克科技,001223
轻工,中顺洁柔,002511
轻工,洁雅股份,301108
轻工,恒丰纸业,600356
轻工,劲嘉股份,002191
轻工,岳阳林纸,600963
轻工,富岭股份,001356
轻工,环球印务,002799
轻工,山鹰国际,600567
轻工,森林包装,605500
轻工,民丰特纸,600235
轻工,海顺新材,300501
轻工,东港股份,002117
轻工,晨光股份,603899
轻工,美盈森,002303
轻工,青岛金王,002094
轻工,广博股份,002103
轻工,齐峰新材,002521
轻工,创源股份,300703
轻工,龙利得,300883
轻工,中荣股份,301223
光模块,青山纸业,600103
轻工,五洲特纸,605007
氢能,中自科技,688737
氢能,亿华通,688339
氢能,中国天楹,000035
氢能,华电科工,601226
氢能,雄韬股份,002733
氢能,科威尔,688551
氢能,复洁科技,688335
氢能,华光环能,600475
氢能,昇辉科技,300423
氢能,赫美集团,002356
氢能,隆基绿能,601012
氢能,嘉泽新能,601619
氢能,佛燃能源,002911
氢能,厚普股份,300471
氢能,东华能源,002221
氢能,银龙股份,603969
氢能,华依科技,688071
氢能,京城股份,600860
氢能,中化装备,600579
氢能,美锦能源,000723
氢能,密封科技,301020
券商互金,国信证券,002736
券商互金,华泰证券,601688
券商互金,申万宏源,000166
券商互金,广发证券,000776
券商互金,东方财富,300059
券商互金,国泰海通,601211
券商互金,财通证券,601108
券商互金,方正证券,601901
券商互金,中金公司,601995
券商互金,大智慧,601519
券商互金,国联民生,601456
券商互金,兴业证券,601377
券商互金,招商证券,600999
券商互金,国金证券,600109
券商互金,中信证券,600030
券商互金,长江证券,000783
券商互金,浙江东方,600120
券商互金,锦龙股份,000712
券商互金,中粮资本,002423
券商互金,湘财股份,600095
券商互金,华创云信,600155
券商互金,香溢融通,600830
券商互金,天风证券,601162
券商互金,中原证券,601375
券商互金,东吴证券,601555
券商互金,国盛证券,002670
券商互金,中泰证券,600918
券商互金,长城证券,002939
券商互金,华西证券,002926
券商互金,国网英大,600517
券商互金,东方证券,600958
券商互金,红塔证券,601236
券商互金,华鑫股份,600621
券商互金,东北证券,000686
券商互金,西南证券,600369
券商互金,爱建集团,600643
券商互金,陕国投A,000563
券商互金,亚联发展,002316
券商互金,首创证券,601136
券商互金,新力金融,600318
券商互金,华安证券,600909
券商互金,中信建投,601066
券商互金,光大证券,601788
券商互金,国海证券,000750
券商互金,南华期货,603093
券商互金,信达证券,601059
券商互金,东兴证券,601198
券商互金,中国银河,601881
券商互金,弘业期货,001236
券商互金,华林证券,002945
券商互金,瑞达期货,002961
券商互金,西部证券,002673
券商互金,国投资本,600061
券商互金,辽宁成大,600739
券商互金,五矿资本,600390
券商互金,浙商证券,601878
商贸物流,瑞晟智能,688215
商贸物流,顺丰控股,002352
商贸物流,建发股份,600153
商贸物流,海晨股份,300873
商贸物流,华凯易佰,300592
商贸物流,赛维时代,301381
商贸物流,狮头股份,600539
商贸物流,供销大集,000564
商贸物流,中百集团,000759
商贸物流,跨境通,002640
商贸物流,汉商集团,600774
商贸物流,保税科技,600794
商贸物流,利群股份,601366
商贸物流,德邦股份,603056
商贸物流,中科微至,688211
商贸物流,远大控股,000626
商贸物流,南极电商,002127
商贸物流,步步高,002251
商贸物流,友阿股份,002277
商贸物流,普路通,002769
商贸物流,宏川智慧,002930
商贸物流,百联股份,600827
商贸物流,宁波中百,600857
商贸物流,文峰股份,601010
商贸物流,中邮科技,688648
商贸物流,深赛格,000058
商贸物流,浙商中拓,000906
商贸物流,天顺股份,002800
商贸物流,长江投资,600119
商贸物流,茂业商业,600828
商贸物流,凯瑞德,002072
商贸物流,喜悦智行,301198
商贸物流,友好集团,600778
商贸物流,长久物流,603569
商贸物流,厦门信达,000701
商贸物流,徐家汇,002561
商贸物流,欧亚集团,600697
商贸物流,南宁百货,600712
商贸物流,海程邦达,603836
商贸物流,家家悦,603708
商贸物流,丽人丽妆,605136
商贸物流,百大集团,600865
商贸物流,牧高笛,603908
商贸物流,中成股份,000151
商贸物流,三羊马,001317
商贸物流,瑞茂通,600180
商贸物流,科捷智能,688455
商贸物流,中央商场,600280
商贸物流,永辉超市,601933
商贸物流,传化智联,002010
商贸物流,孩子王,301078
商贸物流,浙江东日,600113
商贸物流,米奥会展,300795
商贸物流,武商集团,000501
商贸物流,杭州解百,600814
商贸物流,上海九百,600838
商贸物流,中创物流,603967
商贸物流,银座股份,600858
商贸物流,东航物流,601156
商贸物流,中兴商业,000715
商贸物流,今天国际,300532
商贸物流,中储股份,600787
商贸物流,中国外运,601598
商贸物流,北自科技,603082
商贸物流,苏豪弘业,600128
商贸物流,红旗连锁,002697
商贸物流,铁龙物流,600125
商贸物流,合百集团,000417
商贸物流,通程控股,000419
商贸物流,炬申股份,001202
商贸物流,海宁皮城,002344
商贸物流,申通快递,002468
商贸物流,智莱科技,300771
商贸物流,新世界,600628
商贸物流,东百集团,600693
商贸物流,国芳集团,601086
社服,九华旅游,603199
社服,南京商旅,600250
社服,中青旅,600138
社服,华图山鼎,300492
社服,众信旅游,002707
社服,凯文教育,002659
社服,天目湖,603136
社服,祥源文旅,600576
社服,首旅酒店,600258
社服,锦江酒店,600754
社服,陕西旅游,603402
社服,黄山旅游,600054
社服,新开普,300248
社服,佳发教育,300559
社服,凯撒旅业,000796
社服,西安旅游,000610
社服,云南旅游,002059
社服,中公教育,002607
社服,中体产业,600158
社服,昂立教育,600661
社服,力盛体育,002858
社服,北京人力,600861
社服,华天酒店,000428
社服,天府文旅,000558
社服,大连圣亚,600593
社服,金陵饭店,601007
社服,曲江文旅,600706
社服,桂林旅游,000978
社服,西域旅游,300859
社服,丽江股份,002033
社服,博通股份,600455
社服,三特索道,002159
社服,国检集团,603060
社服,行动教育,605098
石油石化,水发燃气,603318
石油石化,九丰能源,605090
石油石化,首华燃气,300483
石油石化,通源石油,300164
石油石化,华鲁恒升,600426
石油石化,中国海油,600938
石油石化,宝丰能源,600989
石油石化,中国石油,601857
石油石化,准油股份,002207
石油石化,潜能恒信,300191
石油石化,中曼石油,603619
石油石化,洲际油气,600759
石油石化,中海油服,601808
石油石化,中国石化,600028
石油石化,恒力石化,600346
石油石化,石化油服,600871
石油石化,迪威尔,688377
石油石化,陕鼓动力,601369
石油石化,海油发展,600968
石油石化,海油工程,600583
石油石化,中油工程,600339
石油石化,卫星化学,002648
石油石化,荣盛石化,002493
石油石化,山东墨龙,002490
石油石化,恒逸石化,000703
石油石化,东方盛虹,000301
石油石化,惠博普,002554
石油石化,石化机械,000852
石油石化,华锦股份,000059
石油石化,和顺石油,603353
石油石化,博迈科,603727
石油石化,大庆华科,000985
石油石化,升达林业,002259
石油石化,大众公用,600635
石油石化,宝莫股份,002476
石油石化,仁智股份,002629
石油石化,茂化实华,000637
石油石化,岳阳兴长,000819
石油石化,统一股份,600506
石油石化,泰山石油,000554
石油石化,恒通股份,603223
石油石化,长春燃气,600333
石油石化,上海石化,600688
石油石化,蓝科高新,601798
石油石化,胜利股份,000407
石油石化,新天然气,603393
石油石化,美能能源,001299
石油石化,深圳燃气,601139
石油石化,博汇股份,300839
石油石化,南京公用,000421
石油石化,德石股份,301158
石油石化,重庆燃气,600917
石油石化,如通股份,603036
石油石化,成都燃气,603053
石油石化,丰倍生物,603334
石油石化,力聚热能,603391
石油石化,皖天然气,603689
石油石化,东方环宇,603706
食品饮料,均瑶健康,605388
食品饮料,重庆啤酒,600132
食品饮料,古越龙山,600059
食品饮料,甘源食品,002991
食品饮料,西麦食品,002956
食品饮料,洋河股份,002304
食品饮料,五粮液,000858
食品饮料,泸州老窖,000568
食品饮料,百合股份,603102
食品饮料,妙可蓝多,600882
食品饮料,好想你,002582
食品饮料,天虹股份,002419
食品饮料,焦点科技,002315
食品饮料,天音控股,000829
食品饮料,劲仔食品,003000
食品饮料,一鸣食品,605179
食品饮料,熊猫乳品,300898
食品饮料,新乳业,002946
食品饮料,山西汾酒,600809
食品饮料,贵州茅台,600519
食品饮料,舍得酒业,600702
食品饮料,皇台酒业,000995
食品饮料,会稽山,601579
食品饮料,燕京啤酒,000729
食品饮料,西王食品,000639
食品饮料,西安饮食,000721
食品饮料,罗牛山,000735
食品饮料,酒鬼酒,000799
食品饮料,天邦食品,002124
食品饮料,皇氏集团,002329
食品饮料,双塔食品,002481
食品饮料,金字火腿,002515
食品饮料,洽洽食品,002557
食品饮料,海欣食品,002702
食品饮料,麦趣尔,002719
食品饮料,龙大美食,002726
食品饮料,祖名股份,003030
食品饮料,华资实业,600191
食品饮料,大湖股份,600257
食品饮料,莫高股份,600543
食品饮料,香飘飘,603711
食品饮料,红棉股份,000523
食品饮料,顺鑫农业,000860
食品饮料,张裕A,000869
食品饮料,天佑德酒,002646
食品饮料,煌上煌,002695
食品饮料,海融科技,300915
食品饮料,春雪食品,605567
食品饮料,粤海饲料,001313
食品饮料,桂发祥,002820
食品饮料,新美星,300509
食品饮料,神农集团,605296
食品饮料,百洋股份,002696
食品饮料,庄园牧场,002910
食品饮料,博闻科技,600883
食品饮料,湘佳股份,002982
食品饮料,光明肉业,600073
食品饮料,光明乳业,600597
食品饮料,威龙股份,603779
食品饮料,南侨食品,605339
食品饮料,水井坊,600779
食品饮料,良品铺子,603719
食品饮料,得利斯,002330
食品饮料,三元股份,600429
食品饮料,元祖股份,603886
食品饮料,佳禾食品,605300
食品饮料,东鹏饮料,605499
食品饮料,惠发食品,603536
食品饮料,金种子酒,600199
食品饮料,泉阳泉,600189
食品饮料,口子窖,603589
食品饮料,天味食品,603317
食品饮料,华宝股份,300741
食品饮料,金徽酒,603919
食品饮料,双汇发展,000895
食品饮料,欢乐家,300997
食品饮料,青岛啤酒,600600
食品饮料,广州酒家,603043
食品饮料,海天味业,603288
食品饮料,珠江啤酒,002461
食品饮料,涪陵榨菜,002507
食品饮料,国投中鲁,600962
食品饮料,有友食品,603697
食品饮料,安德利,605198
食品饮料,燕塘乳业,002732
食品饮料,仲景食品,300908
食品饮料,安琪酵母,600298
食品饮料,天润乳业,600419
食品饮料,金枫酒业,600616
食品饮料,安井食品,603345
食品饮料,爱婴室,603214
食品饮料,青岛食品,001219
食品饮料,维维股份,600300
食品饮料,恒顺醋业,600305
食品饮料,惠泉啤酒,600573
食品饮料,中炬高新,600872
食品饮料,紫燕食品,603057
食品饮料,巴比食品,605338
光伏,宇晶股份,002943
光伏,天合光能,688599
光伏,凯盛科技,600552
光伏,帝科股份,300842
光伏,TCL中环,002129
光伏,协鑫集成,002506
商业航天,国晟科技,603778
光伏,奥特维,688516
光伏,中来股份,300393
光伏,捷佳伟创,300724
光伏,连城数控,920368
光伏,苏州固锝,002079
光伏,亚玛顿,002623
光伏,泽润新能,301636
光伏,杭萧钢构,600477
光伏,金辰股份,603396
光伏,京山轻机,000821
光伏,帝尔激光,300776
商业航天,上海港湾,605598
光伏,东方日升,300118
光伏,中利集团,002309
光伏,京运通,601908
光伏,双良节能,600481
光伏,拉普拉斯,688726
光伏,拓日新能,002218
风电,明阳智能,601615
光伏,福斯特,603806
光伏,迈为股份,300751
光伏,金晶科技,600586
光伏,钧达股份,002865
商业航天,顺灏股份,002565
光伏,高测股份,688556
稀土,横店东磁,002056
稀土,宁波韵升,600366
稀土,包钢股份,600010
稀土,盛和资源,600392
稀土,中稀有色,600259
稀土,北方稀土,600111
稀土,金力永磁,300748
稀土,银河磁体,300127
稀土,中国稀土,000831
稀土,正海磁材,300224
稀土,中科三环,000970
稀土,中科磁业,301141
稀土,大地熊,688077
稀土,英洛华,000795
稀土,北矿科技,600980
稀土,龙磁科技,300835
稀土,三川智慧,300066
稀土,春光集团,301531
稀土,英思特,301622
消费电子,豪威集团,603501
消费电子,思特威,688213
消费电子,奥拓电子,002587
消费电子,欣旺达,300207
消费电子,木林森,002745
消费电子,智立方,301312
消费电子,水晶光电,002273
消费电子,领益智造,002600
消费电子,新恒汇,301678
消费电子,快克智能,603203
消费电子,格科微,688728
消费电子,统联精密,688210
消费电子,唯捷创芯,688153
消费电子,传音控股,688036
消费电子,光峰科技,688007
消费电子,宇瞳光学,300790
消费电子,蓝思科技,300433
消费电子,立讯精密,002475
消费电子,维信诺,002387
消费电子,歌尔股份,002241
消费电子,华之杰,603400
消费电子,汇顶科技,603160
消费电子,苏州天脉,301626
消费电子,维峰电子,301328
消费电子,显盈科技,301067
消费电子,达瑞电子,300976
消费电子,博硕科技,300951
消费电子,胜蓝股份,300843
消费电子,精研科技,300709
消费电子,智动力,300686
消费电子,国民技术,300077
消费电子,恒铭达,002947
消费电子,安洁科技,002635
消费电子,中电港,001287
消费电子,慧智微,688512
消费电子,卓胜微,300782
消费电子,芯海科技,688595
消费电子,中科蓝讯,688332
消费电子,晶晨股份,688099
消费电子,九联科技,688609
消费电子,恒玄科技,688608
消费电子,泰凌微,688591
消费电子,翱捷科技,688220
消费电子,蓝特光学,688127
消费电子,炬芯科技,688049
消费电子,乐鑫科技,688018
消费电子,瑞芯微,603893
消费电子,龙旗科技,603341
消费电子,星宸科技,301536
消费电子,荣旗科技,301360
消费电子,明月镜片,301101
消费电子,全志科技,300458
消费电子,楚天龙,003040
消费电子,力鼎光电,605118
消费电子,奋达科技,002681
消费电子,捷荣技术,002855
消费电子,金龙机电,300032
消费电子,卓翼科技,002369
消费电子,雷柏科技,002577
消费电子,和胜股份,002824
消费电子,惠威科技,002888
消费电子,锦富技术,300128
消费电子,联合光电,300691
消费电子,贝隆精密,301567
消费电子,美迪凯,688079
消费电子,双象股份,002395
消费电子,瑞玛精密,002976
消费电子,国光电器,002045
消费电子,日久光电,003015
消费电子,凤凰光学,600071
消费电子,昀冢科技,688260
消费电子,杰美特,300868
消费电子,安凯微,688620
消费电子,博通集成,603068
消费电子,野马电池,605378
消费电子,江苏博云,301003
消费电子,福日电子,600203
消费电子,美腾科技,688420
消费电子,深康佳A,000016
消费电子,秦川物联,688528
消费电子,绿联科技,301606
消费电子,英力股份,300956
消费电子,朝阳科技,002981
消费电子,贝仕达克,300822
消费电子,漫步者,002351
消费电子,濮阳惠成,300481
消费电子,道明光学,002632
消费电子,中颖电子,300327
消费电子,欧菲光,002456
消费电子,三利谱,002876
消费电子,天德钰,688252
消费电子,共达电声,002655
消费电子,安克创新,300866
消费电子,信音电子,301329
信创,中国软件,600536
信创,中科软,603927
信创,易华录,300212
信创,中国长城,000066
信创,盛邦安全,688651
信创,奇安信,688561
信创,亚信安全,688225
信创,信安世纪,688201
信创,麒麟信安,688152
信创,邦彦技术,688132
信创,宝信软件,600845
信创,诚迈科技,300598
信创,绿盟科技,300369
信创,海康威视,002415
信创,大华股份,002236
信创,怡亚通,002183
信创,纳思达,002180
信创,狄耐克,300884
信创,朗新科技,300682
信创,宇信科技,300674
信创,润和软件,300339
信创,金信诺,300252
信创,国投智能,300188
信创,先锋电子,002767
信创,捷顺科技,002609
信创,广电运通,002152
信创,国脉科技,002093
信创,新大陆,000997
信创,安恒信息,688023
信创,永信至诚,688244
信创,深信服,300454
信创,皖通科技,002331
信创,达实智能,002421
信创,东方中科,002819
信创,神思电子,300479
信创,中孚信息,300659
信创,科创信息,300730
信创,湘邮科技,600476
信创,浪潮软件,600756
信创,云涌科技,688060
信创,三未信安,688489
信创,南天信息,000948
信创,吉大正元,003029
信创,新晨科技,300542
信创,安博通,688168
信创,中创股份,688695
信创,中科通达,688038
信创,正元地信,688509
信创,电科网安,002268
信创,榕基软件,002474
信创,中威电子,300270
信创,盈建科,300935
信创,南威软件,603636
信创,中新赛克,002912
信创,建科院,300675
信创,广哈通信,300711
信创,启明信息,002232
信创,中科江南,301153
信创,通行宝,301339
信创,理工能科,002322
信创,天源迪科,300047
信创,数字认证,300579
信创,普联软件,300996
信创,天亿马,301178
信创,优博讯,300531
信创,东华软件,002065
信创,数字政通,300075
信创,数码视讯,300079
信创,飞天诚信,300386
信创,中安科,600654
信创,顶点软件,603383
信创,地纬智能,688579
医疗服务,一心堂,002727
医疗服务,嘉事堂,002462
医疗服务,健之佳,605266
医疗服务,鹭燕医药,002788
医疗服务,九芝堂,000989
医疗服务,科美诊断,688468
医疗服务,登康口腔,001328
医疗服务,贝瑞基因,000710
医疗服务,光正眼科,002524
医疗服务,皓宸医疗,002622
医疗服务,悦心健康,002162
医疗服务,大东方,600327
医疗服务,艾隆科技,688329
医疗服务,国际医学,000516
医疗服务,合富中国,603122
医疗服务,济民健康,603222
医疗服务,亚华电子,301337
医疗服务,朗姿股份,002612
医疗服务,莎普爱思,603168
医疗服务,盈康生命,300143
医疗服务,诺思格,301333
医疗服务,澳洋健康,002172
医疗服务,通策医疗,600763
医疗服务,诺禾致源,688315
医疗器械,可孚医疗,301087
医疗器械,天目药业,600671
医疗器械,赛诺医疗,688108
医疗器械,翔宇医疗,688626
医疗器械,康众医疗,688607
医疗器械,西山科技,688576
医疗器械,安必平,688393
医疗器械,泛亚微透,688386
医疗器械,赛科希德,688338
医疗器械,麦澜德,688273
医疗器械,联影医疗,688271
医疗器械,晶华微,688130
医疗器械,心脉医疗,688016
医疗器械,麦迪科技,603990
医疗器械,稳健医疗,300888
医疗器械,蓝帆医疗,002382
医疗器械,维力医疗,603309
医疗器械,爱迪特,301580
医疗器械,美好医疗,301363
医疗器械,正海生物,300653
医疗器械,万孚生物,300482
医疗器械,明德生物,002932
医疗器械,盈趣科技,002925
医疗器械,科华生物,002022
医疗器械,达安基因,002030
医疗器械,奥美医疗,002950
医疗器械,万东医疗,600055
医疗器械,南卫股份,603880
医疗器械,天臣医疗,688013
医疗器械,安旭生物,688075
医疗器械,仁度生物,688193
医疗器械,硕世生物,688399
医疗器械,山外山,688410
医疗器械,亚辉龙,688575
医疗器械,永和智控,002795
医疗器械,中红医疗,300981
医疗器械,正川股份,603976
医疗器械,华强科技,688151
医疗器械,澳华内镜,688212
医疗器械,春立医疗,688236
医疗器械,东方生物,688298
医疗器械,康为世纪,688426
医疗器械,奥精医疗,688613
医疗器械,凯普生物,300639
医疗器械,九安医疗,002432
医疗器械,大博医疗,002901
医疗器械,迈得医疗,688310
医疗器械,华大智造,688114
医疗器械,尚荣医疗,002551
医疗器械,拱东医疗,605369
医疗器械,睿昂基因,688217
医疗器械,博晖创新,300318
医疗器械,济高发展,600807
医疗器械,山东药玻,600529
医疗器械,浩欧博,688656
医疗器械,黄山胶囊,002817
医疗器械,昊海生科,688366
医疗器械,福瑞医科,300049
医疗器械,冠昊生物,300238
医疗器械,欧普康视,300595
医疗器械,威高血净,603014
医疗器械,海尔生物,688139
医疗器械,威高骨科,688161
医疗器械,理邦仪器,300206
医疗器械,利德曼,300289
医疗器械,迈瑞医疗,300760
医疗器械,奕瑞科技,688301
医疗器械,康拓医疗,688314
医疗器械,微电生理,688351
医疗器械,戴维医疗,300314
医疗器械,阳普医疗,300030
医疗器械,昌红科技,300151
医疗器械,迦南科技,300412
医疗器械,和仁科技,300550
医疗器械,乐心医疗,300562
医疗器械,开立医疗,300633
医疗器械,艾德生物,300685
医疗器械,祥生医疗,688358
医疗器械,奥泰生物,688606
医药,美诺华,603538
医药,博瑞医药,688166
医药,海森药业,001367
医药,天宇股份,300702
医药,奥锐特,605116
医药,尔康制药,300267
医药,新赣江,920367
医药,司太立,603520
医药,同和药业,300636
医药,奥翔药业,603229
医药,川宁生物,301301
医药,键凯科技,688356
医药,拓新药业,301089
医药,河化股份,000953
医药,广济药业,000952
医药,永安药业,002365
医药,赛分科技,688758
医药,普洛药业,000739
医药,亨迪药业,301211
医药,溢多利,300381
医药,能特科技,002102
医药,富士莱,301258
医药,赛托生物,300583
医药,山河药辅,300452
医药,浙江医药,600216
医药,国邦医药,605507
医药,新华制药,000756
医药,本立科技,301065
医药,新天地,301277
医药,ST诺泰,688076
医药,峆一药业,920478
医药,共同药业,300966
医药,东亚药业,605177
医药,森萱医药,920946
医药,威尔药业,603351
医药,无锡晶海,920547
医药,天新药业,603235
医药,海昇药业,920656
医药,欧康医药,920230
医药,苑东生物,688513
医药,山东赫达,002810
医药,诚达药业,301201
医药,盘龙药业,002864
医药,康弘药业,002773
医药,众兴菌业,002772
医药,信立泰,002294
医药,新和成,002001
医药,万泽股份,000534
医药,新诺威,300765
医药,宏源药业,301246
医药,富祥药业,300497
医药,花园生物,300401
医药,纳微科技,688690
医药,海翔药业,002099
医药,昭衍新药,603127
医药,恒瑞医药,600276
医药,艾力斯,688578
医药,华润三九,000999
医药,上海谊众,688091
医药,健帆生物,300529
医药,兴齐眼药,300573
医药,一品红,300723
医药,科伦药业,002422
医药,羚锐制药,600285
医药,百奥赛图,688796
医药,博拓生物,688767
医药,禾元生物,688765
医药,必贝特,688759
医药,悦康药业,688658
医药,百利天恒,688506
医药,艾迪药业,688488
医药,智翔金泰,688443
医药,荣昌生物,688331
医药,海创药业,688302
医药,前沿生物,688221
医药,君实生物,688180
医药,亚虹医药,688176
医药,圣诺生物,688117
医药,迈威生物,688062
医药,方盛制药,603998
医药,济川药业,600566
医药,佐力药业,300181
医药,长春高新,000661
医药,甘李药业,603087
医药,福元医药,601089
医药,民生健康,301507
医药,泰恩康,301263
医药,泓博医药,301230
医药,百普赛斯,301080
医药,康华生物,300841
医药,广生堂,300436
医药,沃森生物,300142
医药,智飞生物,300122
医药,向日葵,300111
医药,誉衡药业,002437
医药,万邦德,002082
医药,海王生物,000078
医药,海南海药,000566
医药,吉林敖东,000623
医药,德展健康,000813
医药,双鹭药业,002038
医药,亚太药业,002370
医药,海普瑞,002399
医药,金河生物,002688
医药,罗欣药业,002793
医药,雅本化学,300261
医药,海利生物,603718
医药,科兴制药,688136
医药,南新制药,688189
医药,泽璟制药,688266
医药,复旦张江,688505
医药,神州细胞,688520
医药,金迪克,688670
医药,凯因科技,688687
医药,北大医药,000788
医药,东方海洋,002086
医药,润都股份,002923
医药,昂利康,002940
医药,北陆药业,300016
医药,常山药业,300255
医药,万泰生物,603392
医药,诺唯赞,688105
医药,宣泰医药,688247
医药,南模生物,688265
医药,益方生物,688382
医药,诺诚健华,688428
医药,汇宇制药,688553
医药,哈三联,002900
医药,翰宇药业,300199
医药,交大昂立,600530
医药,鲁抗医药,600789
医药,百奥泰,688177
医药,康希诺,688185
医药,和元生物,688238
医药,华海药业,600521
医药,通化东宝,600867
医药,微芯生物,688321
医药,三生国健,688336
医药,成大生物,688739
医药,国药一致,000028
医药,力生制药,002393
医药,莱美药业,300006
医药,金花股份,600080
医药,康惠股份,603139
医药,灵康药业,603669
医药,申联生物,688098
医药,盟科药业,688373
医药,圣达生物,603079
医药,之江生物,688317
医药,华邦健康,002004
医药,普莱柯,603566
医药,第一医药,600833
医药,热景生物,688068
医药,百克生物,688276
医药,楚天科技,300358
医药,联环药业,600513
医药,沃华医药,002107
医药,迪哲医药,688192
医药,中恒集团,600252
医药,康辰药业,603590
医药,西藏药业,600211
医药,华润双鹤,600062
医药,国药股份,600511
医药,博雅生物,300294
医药,丽珠集团,000513
医药,惠泰医疗,688617
医药,东诚药业,002675
医药,上海莱士,002252
医药,金城医药,300233
医药,泰林生物,300813
医药,特宝生物,688278
医药,华兰生物,002007
医药,华兰疫苗,301207
医药,天坛生物,600161
医药,国药现代,600420
医药,东宝生物,300239
医药,金陵药业,000919
医药,安科生物,300009
医药,赛升药业,300485
医药,上海医药,601607
医药,欧林生物,688319
医药,健康元,600380
医药,东北制药,000597
医药,辰欣药业,603367
医药,海正药业,600267
医药,中关村,000931
医药,恩华药业,002262
医药,海思科,002653
医药,义翘神州,301047
医药,科源制药,301281
医药,昊帆生物,301393
医药,南京医药,600713
医药,华北制药,600812
医药,人民同泰,600829
医药,首药控股,688197
医药,百济神州,688235
银行,建设银行,601939
银行,工商银行,601398
银行,上海银行,601229
银行,南京银行,601009
银行,杭州银行,600926
银行,齐鲁银行,601665
银行,交通银行,601328
银行,渝农商行,601077
银行,江苏银行,600919
银行,青岛银行,002948
银行,宁波银行,002142
银行,平安银行,000001
银行,中信银行,601998
银行,重庆银行,601963
银行,兴业银行,601166
银行,瑞丰银行,601528
银行,招商银行,600036
银行,无锡银行,600908
银行,邮储银行,601658
银行,张家港行,002839
银行,郑州银行,002936
银行,浦发银行,600000
银行,华夏银行,600015
银行,民生银行,600016
银行,农业银行,601288
银行,光大银行,601818
银行,浙商银行,601916
银行,中国银行,601988
传媒,三七互娱,002555
传媒,吉比特,603444
传媒,恺英网络,002517
传媒,世纪华通,002602
传媒,巨人网络,002558
传媒,神州泰岳,300002
传媒,游族网络,002174
传媒,凯撒文化,002425
传媒,天舟文化,300148
传媒,富春股份,300299
传媒,聚力文化,002247
传媒,电魂网络,603258
传媒,星辉娱乐,300043
传媒,冰川网络,300533
传媒,华立科技,301011
有色,金诚信,603979
有色,金钼股份,601958
有色,华钰矿业,601020
有色,淮北矿业,600985
有色,厦门钨业,600549
有色,豫光金铅,600531
有色,中矿资源,002738
有色,南矿集团,001360
有色,中国铀业,001280
有色,钒钛股份,000629
有色,盛达资源,000603
有色,金徽股份,603132
有色,晓程科技,300139
有色,鑫铂股份,003038
有色,威领股份,002667
有色,恒邦股份,002237
有色,海亮股份,002203
有色,东方钽业,000962
有色,锌业股份,000751
有色,金浦钛业,000545
有色,云南锗业,002428
有色,贵研铂业,600459
有色,锡业股份,000960
有色,华锡有色,600301
有色,厦钨新能,688778
有色,翔鹭钨业,002842
有色,中钨高新,000657
有色,章源钨业,002378
有色,西部矿业,601168
有色,紫金矿业,601899
有色,洛阳钼业,603993
有色,盛屯矿业,600711
有色,江西铜业,600362
有色,云南铜业,000878
有色,铜陵有色,000630
有色,浙矿股份,300837
有色,福事特,301446
有色,华友钴业,603799
有色,腾远钴业,301219
有色,寒锐钴业,300618
有色,万顺新材,300057
有色,天山铝业,002532
有色,中国铝业,601600
有色,南山控股,002314
有色,明泰铝业,601677
有色,艾华集团,603989
有色,华峰铝业,601702
有色,云铝股份,000807
有色,宏桥控股,002379
有色,怡球资源,601388
有色,飞南资源,301500
有色,闽发铝业,002578
有色,广东明珠,600382
有色,鹏欣资源,600490
有色,金天钛业,688750
有色,罗平锌电,002114
有色,顺博合金,002996
有色,鑫科材料,600255
有色,深圳新星,603978
有色,宝武镁业,002182
有色,宁波富邦,600768
有色,宏达股份,600331
有色,博威合金,601137
有色,精艺股份,002295
有色,丽岛新材,603937
有色,神宇股份,300563
有色,中信金属,601061
有色,南山铝业,600219
有色,驰宏锌锗,600497
有色,五矿发展,600058
有色,新疆众和,600888
有色,云路股份,688190
有色,盛龙股份,001257
有色,株冶集团,600961
有色,龙高股份,605086
钢铁,宝地矿业,601121
功率模拟,村田制作所,006981
功率模拟,三星电机,009150
功率模拟,富安娜,002327
功率模拟,三环集团,300408
功率模拟,国瓷材料,300285
功率模拟,博迁新材,605376
功率模拟,太阳诱电,006976
功率模拟,风华高科,000636
功率模拟,洁美科技,002859
功率模拟,恒基达鑫,002492
功率模拟,博杰股份,002975
功率模拟,江海股份,002484
功率模拟,法拉电子,600563
功率模拟,钧崴电子,301458
功率模拟,达利凯普,301566
功率模拟,铂科新材,300811
功率模拟,敏芯股份,688286
功率模拟,美信科技,301577
功率模拟,蓝箭电子,301348
功率模拟,黄山谷捷,301581
中药,天士力,600535
中药,马应龙,600993
中药,华润江中,600750
中药,白云山,600332
中药,以岭药业,002603
中药,云南白药,000538
中药,东阿阿胶,000423
中药,康恩贝,600572
中药,太极集团,600129
中药,珍宝岛,603567
中药,古汉医药,000590
中药,葵花药业,002737
中药,易明医药,002826
中药,新天药业,002873
中药,金石亚药,300434
中药,陇神戎发,300534
中药,步长制药,603858
中药,众生药业,002317
中药,华神科技,000790
中药,开开实业,600272
中药,三力制药,603439
中药,特一药业,002728
中药,益佰制药,600594
中药,回盛生物,300871
中药,昆药集团,600422
中药,健民集团,600976
中药,同仁堂,600085
中药,达仁堂,600329
中药,佛慈制药,002644
中药,益盛药业,002566
中药,太龙药业,600222
中药,康美药业,600518
自动驾驶,经纬恒润,688326
自动驾驶,慧翰股份,301600
自动驾驶,道通科技,688208
自动驾驶,当虹科技,688039
自动驾驶,千里科技,601777
自动驾驶,华阳股份,600348
自动驾驶,博实结,301608
自动驾驶,宸展光电,003019
自动驾驶,黑芝麻,000716
自动驾驶,恒帅股份,300969
自动驾驶,神通科技,605228
自动驾驶,大众交通,600611
自动驾驶,锦江在线,600650
自动驾驶,宇通重工,600817
自动驾驶,合兴股份,605005
自动驾驶,多伦科技,603528
自动驾驶,江铃汽车,000550
自动驾驶,阿尔特,300825
自动驾驶,长安汽车,000625
自动驾驶,北汽蓝谷,600733
自动驾驶,华阳集团,002906
自动驾驶,保隆科技,603197
自动驾驶,万安科技,002590
自动驾驶,德赛西威,002920
自动驾驶,千方科技,002373
自动驾驶,联创电子,002036
自动驾驶,四维图新,002405
自动驾驶,合众思壮,002383
自动驾驶,均胜电子,600699
自动驾驶,亚太股份,002284
自动驾驶,浙江世宝,002703
自动驾驶,锐明技术,002970
自动驾驶,金溢科技,002869
自动驾驶,鸿泉技术,688288
自动驾驶,光庭信息,301221
自动驾驶,通达电气,603390
自动驾驶,万集科技,300552
自动驾驶,路畅科技,002813
自动驾驶,永安行,603776
自动驾驶,豪恩汽电,301488
自动驾驶,横河精密,300539
自动驾驶,埃泰克,603293
自动驾驶,运达科技,300440
自动驾驶,天迈科技,300807
自动驾驶,龙迅股份,688486
汽车,宗申动力,001696